Date ,Open ,High ,Low ,Close ,Shares Traded ,Turnover (â‚¹ Cr)
15-MAR-2019,9473.85,9540.95,9471.4,9499.4,1861141517.0,45646.05
18-MAR-2019,9536.05,9572.95,9481.65,9516.7,1413548415.0,31362.44
19-MAR-2019,9549.75,9576.05,9513.45,9570.15,1553819264.0,32443.88
20-MAR-2019,9587.5,9588.5,9540.9,9553.0,1519215955.0,34165.49
22-MAR-2019,9572.35,9594.1,9485.45,9500.05,1566059510.0,34280.42
25-MAR-2019,9446.85,9446.85,9381.9,9411.65,1267948932.0,27995.37
26-MAR-2019,9431.9,9522.45,9421.6,9512.6,1475115700.0,31022.05
27-MAR-2019,9552.2,9569.6,9475.4,9501.8,1564260248.0,35985.2
28-MAR-2019,9518.7,9613.55,9510.8,9601.95,1882550220.0,45876.98
29-MAR-2019,9647.75,9667.45,9613.0,9663.7,1875536376.0,39926.75
01-APR-2019,9703.0,9756.3,9683.95,9702.0,1581590493.0,35213.37
02-APR-2019,9735.05,9735.05,9681.6,9720.8,1613306134.0,34557.44
03-APR-2019,9742.35,9765.65,9647.2,9658.4,1471683876.0,35272.38
04-APR-2019,9674.0,9675.2,9590.85,9626.65,1509400181.0,34272.31
05-APR-2019,9659.65,9700.4,9641.45,9684.95,1256930002.0,28733.09
08-APR-2019,9715.45,9719.95,9593.85,9634.4,1368193376.0,29359.89
09-APR-2019,9641.9,9685.85,9594.95,9677.75,1197577979.0,28808.55
10-APR-2019,9661.55,9690.35,9612.85,9622.95,1231430516.0,35536.91
11-APR-2019,9630.15,9641.75,9599.2,9634.55,1176516005.0,27452.63
12-APR-2019,9646.6,9682.3,9626.95,9674.6,1247836014.0,27288.81
15-APR-2019,9697.65,9726.85,9683.8,9716.5,1287769280.0,28116.56
16-APR-2019,9751.35,9796.1,9748.7,9781.4,1341665199.0,32585.52
18-APR-2019,9826.45,9826.45,9721.4,9738.7,1438090949.0,34657.71
22-APR-2019,9715.95,9715.95,9591.8,9599.8,1124113976.0,25665.0
23-APR-2019,9614.85,9642.15,9577.0,9587.3,1233581473.0,28315.59
24-APR-2019,9607.4,9696.55,9585.25,9687.55,1288201931.0,30507.72
25-APR-2019,9697.8,9742.85,9616.3,9628.8,1654760954.0,43730.22
26-APR-2019,9661.1,9695.4,9632.05,9689.7,1242303816.0,30594.33
30-APR-2019,9684.8,9684.8,9592.15,9664.3,1598971958.0,37132.37
02-MAY-2019,9646.4,9694.95,9620.7,9637.5,1451787510.0,32502.76
03-MAY-2019,9637.5,9665.5,9613.6,9624.55,1194985189.0,27752.98
06-MAY-2019,9544.95,9567.4,9513.85,9532.45,1132430027.0,26630.09
07-MAY-2019,9573.3,9578.55,9441.5,9450.8,1293893456.0,29319.34
08-MAY-2019,9433.1,9433.45,9331.7,9340.25,1485441576.0,30450.6
09-MAY-2019,9313.55,9339.55,9261.5,9299.75,1332587410.0,28895.62
10-MAY-2019,9309.35,9335.15,9271.1,9290.2,1410355040.0,30364.43
13-MAY-2019,9274.05,9288.85,9143.95,9159.95,1448550879.0,28370.5
14-MAY-2019,9156.0,9261.85,9108.45,9212.35,1610461883.0,33618.66
15-MAY-2019,9247.15,9265.65,9145.8,9160.1,1354437542.0,30657.43
16-MAY-2019,9176.5,9238.95,9136.4,9221.65,1288215233.0,29252.22
17-MAY-2019,9224.75,9339.35,9221.6,9329.7,1401303801.0,34216.41
20-MAY-2019,9538.3,9681.1,9485.85,9671.9,1760816962.0,41799.17
21-MAY-2019,9701.0,9713.5,9556.75,9578.85,1357571039.0,35415.51
22-MAY-2019,9595.6,9629.75,9555.8,9598.2,1471502814.0,33356.53
23-MAY-2019,9730.0,9835.7,9521.6,9552.75,2087015693.0,49513.7
24-MAY-2019,9618.75,9728.8,9563.6,9722.05,1618253254.0,39404.87
27-MAY-2019,9732.65,9820.95,9702.5,9804.9,1493184953.0,35689.74
28-MAY-2019,9834.95,9834.95,9768.3,9815.5,2083466862.0,50844.24
29-MAY-2019,9802.4,9812.0,9737.95,9757.15,1228742600.0,29829.53
30-MAY-2019,9762.8,9827.25,9759.5,9815.3,1700060759.0,35645.48
31-MAY-2019,9855.55,9889.3,9734.2,9805.05,1722900417.0,40664.99
03-JUN-2019,9827.75,9931.65,9796.85,9922.6,1186517526.0,31863.94
04-JUN-2019,9898.0,9941.45,9865.6,9876.2,1222700958.0,30135.7
06-JUN-2019,9889.55,9889.55,9712.05,9722.5,1535007689.0,36565.33
07-JUN-2019,9736.05,9761.75,9653.7,9735.85,1358725281.0,29256.42
10-JUN-2019,9784.45,9813.65,9727.9,9765.85,1501544968.0,25690.54
11-JUN-2019,9791.9,9826.65,9743.05,9805.1,1403396274.0,27744.02
12-JUN-2019,9801.95,9802.05,9727.75,9749.95,1126421205.0,24974.71
13-JUN-2019,9727.15,9758.9,9668.05,9747.05,1364817828.0,30110.12
14-JUN-2019,9742.8,9745.15,9652.6,9669.95,1208570037.0,27628.29
17-JUN-2019,9681.9,9681.95,9533.35,9543.6,1168363037.0,27495.66
18-JUN-2019,9547.5,9587.05,9514.1,9551.35,1394995294.0,28194.06
19-JUN-2019,9592.15,9634.15,9476.1,9526.2,1778939283.0,32158.01
20-JUN-2019,9501.55,9655.25,9476.25,9646.0,1877804938.0,31902.84
21-JUN-2019,9641.15,9641.25,9566.1,9581.6,1724488279.0,38352.72
24-JUN-2019,9585.95,9605.05,9543.4,9564.1,1303669501.0,24312.1
25-JUN-2019,9548.65,9643.75,9525.95,9632.85,1394460923.0,28895.71
26-JUN-2019,9611.95,9699.65,9604.15,9682.8,1657315235.0,29649.25
27-JUN-2019,9694.55,9733.95,9675.5,9692.35,2023509131.0,40069.1
28-JUN-2019,9707.45,9713.75,9644.1,9657.95,1289867464.0,28607.2
01-JUL-2019,9697.0,9724.35,9691.9,9713.0,1077596417.0,23708.17
02-JUL-2019,9734.75,9750.05,9675.8,9744.85,1196770112.0,24392.96
03-JUL-2019,9762.85,9774.8,9731.5,9757.3,1065751622.0,25094.2
04-JUL-2019,9767.8,9793.5,9765.2,9776.8,1147118816.0,25933.88
05-JUL-2019,9793.65,9805.3,9644.85,9657.65,1396093695.0,32083.96
08-JUL-2019,9619.4,9620.9,9418.0,9447.8,1288620102.0,30917.49
09-JUL-2019,9428.05,9473.4,9375.8,9455.65,1214460295.0,33655.33
10-JUL-2019,9443.65,9482.5,9385.7,9400.1,1026048152.0,27668.55
11-JUL-2019,9447.15,9475.7,9414.1,9466.4,1079846072.0,26576.05
12-JUL-2019,9480.05,9519.75,9448.4,9457.75,1190248591.0,30000.09
15-JUL-2019,9499.25,9502.7,9427.85,9469.15,1033882365.0,25600.13
16-JUL-2019,9473.85,9533.55,9456.6,9529.85,1190719870.0,27452.18
17-JUL-2019,9535.25,9563.95,9520.15,9543.35,1212551110.0,27995.1
18-JUL-2019,9534.15,9534.5,9447.65,9456.15,1228256718.0,28525.29
19-JUL-2019,9484.55,9494.9,9288.8,9304.65,1315031986.0,33002.07
22-JUL-2019,9282.6,9285.3,9197.3,9247.75,1243917817.0,31126.42
23-JUL-2019,9265.85,9277.65,9208.9,9233.55,1269990614.0,31342.34
24-JUL-2019,9228.8,9256.4,9134.65,9160.45,1308470960.0,32741.54
25-JUL-2019,9173.75,9232.45,9148.45,9159.15,1414137488.0,37957.16
26-JUL-2019,9156.0,9206.7,9125.35,9192.6,1347461417.0,31422.91
29-JUL-2019,9205.35,9208.2,9081.7,9108.9,1802170466.0,29125.45
30-JUL-2019,9123.65,9165.8,8995.25,9004.05,1691503549.0,33934.14
31-JUL-2019,8963.3,9058.45,8928.0,9044.95,1516265987.0,35453.77
01-AUG-2019,9001.7,9026.15,8859.55,8935.75,1376490936.0,32565.21
02-AUG-2019,8890.5,9007.05,8821.1,8943.95,1610762671.0,36894.42
05-AUG-2019,8866.9,8866.9,8765.2,8831.95,1391133138.0,31759.41
06-AUG-2019,8792.65,8960.95,8791.6,8918.6,1429481738.0,34011.55
07-AUG-2019,8928.6,8953.25,8840.15,8854.65,1477930501.0,33060.13
08-AUG-2019,8888.45,8998.9,8844.4,8979.65,1415257373.0,32589.63
09-AUG-2019,9022.5,9103.1,9010.35,9046.55,1488638644.0,33800.2
13-AUG-2019,9066.35,9070.2,8874.85,8890.1,1550222284.0,36224.77
14-AUG-2019,8942.0,8998.25,8897.0,8971.1,1399939825.0,32400.08
16-AUG-2019,8971.65,8999.2,8886.3,8988.8,1409193361.0,30286.91
19-AUG-2019,9022.6,9061.4,8983.65,8997.95,1129497146.0,24092.13
20-AUG-2019,9004.75,9012.1,8930.5,8957.4,1200635571.0,26986.83
21-AUG-2019,8957.85,8965.1,8858.45,8864.5,1342390384.0,26710.44
22-AUG-2019,8851.35,8853.25,8706.45,8719.25,1748360277.0,31256.14
23-AUG-2019,8687.45,8812.85,8628.35,8790.55,1720372620.0,32604.25
26-AUG-2019,8933.05,8973.2,8735.3,8964.7,1807502221.0,34485.57
27-AUG-2019,9004.0,9047.85,8972.9,9022.25,1856675130.0,45360.62
28-AUG-2019,9023.8,9047.55,8930.1,8970.9,1445504112.0,28470.12
29-AUG-2019,8938.05,8954.65,8874.25,8906.1,1630842337.0,31386.41
30-AUG-2019,8936.45,8991.2,8859.75,8977.55,1523912786.0,32904.0
03-SEP-2019,8927.9,8931.65,8783.75,8802.35,1255668033.0,26993.23
04-SEP-2019,8798.75,8841.95,8751.25,8833.1,1269569807.0,29501.28
05-SEP-2019,8848.0,8894.9,8825.0,8846.3,1351088433.0,27735.83
06-SEP-2019,8873.75,8928.45,8859.25,8920.4,1284952453.0,28083.04
09-SEP-2019,8914.7,8986.6,8882.9,8972.4,1180692711.0,24548.23
11-SEP-2019,8992.7,9026.25,8981.1,9015.15,1686706021.0,34125.02
12-SEP-2019,9036.95,9061.0,8969.85,8981.6,1510572474.0,30201.06
13-SEP-2019,8992.65,9056.8,8945.6,9050.85,1528790912.0,29312.29
16-SEP-2019,8992.15,9044.45,8978.95,9009.15,1267057381.0,28072.36
17-SEP-2019,9010.55,9012.1,8838.25,8853.9,1528208456.0,30275.45
18-SEP-2019,8898.95,8912.2,8841.55,8877.7,1327293246.0,27035.82
19-SEP-2019,8884.5,8884.5,8738.65,8766.45,1654852665.0,26012.54
20-SEP-2019,8799.45,9293.9,8748.05,9230.5,3274046775.0,79648.27
23-SEP-2019,9425.4,9552.25,9386.9,9486.6,2217212715.0,60924.59
24-SEP-2019,9489.1,9530.35,9434.65,9474.75,1693301926.0,41566.48
25-SEP-2019,9458.05,9458.45,9326.1,9344.15,1574024070.0,37980.64
26-SEP-2019,9365.5,9471.25,9363.25,9443.8,1911437928.0,45843.95
27-SEP-2019,9435.55,9465.35,9388.5,9395.6,1570445839.0,31917.57
30-SEP-2019,9384.65,9389.55,9276.9,9340.9,2050542076.0,38297.79
01-OCT-2019,9372.7,9402.0,9140.05,9236.4,2602388500.0,45231.43
03-OCT-2019,9207.15,9243.8,9153.7,9198.4,1908360195.0,33851.43
04-OCT-2019,9253.1,9264.0,9078.8,9091.65,1766567821.0,33949.41
07-OCT-2019,9104.5,9120.3,9031.6,9040.65,1548649686.0,30009.5
09-OCT-2019,9059.1,9183.3,9008.85,9177.95,1756332102.0,34303.41
10-OCT-2019,9153.5,9165.05,9097.55,9112.75,1726737948.0,31806.63
11-OCT-2019,9132.4,9207.35,9076.3,9161.4,1698105307.0,35841.61
14-OCT-2019,9187.7,9248.5,9156.9,9192.65,1462070439.0,29098.23
15-OCT-2019,9208.7,9277.25,9196.85,9253.85,1469059934.0,33014.77
16-OCT-2019,9282.95,9301.75,9246.65,9281.85,1633738321.0,35622.48
17-OCT-2019,9286.65,9399.25,9268.05,9391.0,1838774093.0,36248.22
18-OCT-2019,9391.85,9494.7,9373.5,9479.2,2189914779.0,40454.63
22-OCT-2019,9481.05,9526.8,9435.85,9448.25,1994511831.0,47065.23
23-OCT-2019,9457.25,9497.75,9418.25,9458.65,1700321871.0,38607.32
24-OCT-2019,9501.35,9516.65,9402.5,9437.65,2226288262.0,39410.55
25-OCT-2019,9478.45,9479.05,9365.55,9431.1,2062470559.0,38946.69
27-OCT-2019,9493.7,9504.05,9462.75,9478.35,360212505.0,5430.73
29-OCT-2019,9490.1,9615.75,9475.5,9598.35,2172096449.0,42471.76
30-OCT-2019,9666.6,9673.7,9602.1,9647.55,1919096114.0,40829.07
31-OCT-2019,9686.4,9733.35,9671.3,9689.65,2885828204.0,49218.41
01-NOV-2019,9703.1,9730.75,9678.2,9704.0,2681945576.0,41093.65
04-NOV-2019,9736.75,9780.0,9712.1,9732.4,1982427924.0,38806.19
05-NOV-2019,9757.75,9760.8,9657.7,9694.05,1694415268.0,37184.78
06-NOV-2019,9694.85,9750.55,9646.1,9721.35,1691221588.0,38978.83
07-NOV-2019,9768.9,9771.3,9718.25,9764.3,1686471088.0,39070.16
08-NOV-2019,9753.25,9785.4,9669.95,9683.3,1975276988.0,42626.68
11-NOV-2019,9665.65,9708.35,9655.5,9695.85,1565756978.0,31758.69
13-NOV-2019,9698.1,9730.6,9618.25,9633.95,1821347033.0,39174.89
14-NOV-2019,9648.85,9671.1,9596.85,9650.4,1953118332.0,35357.78
15-NOV-2019,9676.95,9721.3,9657.8,9667.3,2261246332.0,37553.89
18-NOV-2019,9685.85,9705.7,9654.4,9668.6,1816857986.0,32257.38
19-NOV-2019,9692.2,9714.25,9662.6,9702.15,2512104185.0,41120.45
20-NOV-2019,9748.4,9776.7,9725.7,9744.9,3435997894.0,40516.14
21-NOV-2019,9768.05,9769.5,9703.9,9712.35,2441098830.0,37020.04
22-NOV-2019,9715.05,9715.5,9650.2,9679.3,1764517945.0,33575.25
25-NOV-2019,9688.85,9809.1,9687.05,9802.05,1905490102.0,34881.7
26-NOV-2019,9833.6,9852.9,9739.2,9762.85,3702934723.0,81541.59
27-NOV-2019,9787.3,9824.5,9778.15,9815.95,1674524486.0,34009.21
28-NOV-2019,9838.45,9874.9,9816.75,9869.75,2287411104.0,41055.56
29-NOV-2019,9871.1,9872.1,9781.05,9813.65,2409348532.0,42259.2
02-DEC-2019,9863.1,9863.15,9778.6,9798.0,2971108662.0,38347.5
03-DEC-2019,9814.75,9815.95,9715.5,9743.15,2125136647.0,32769.49
04-DEC-2019,9722.25,9790.1,9699.6,9782.1,2277504297.0,36193.08
05-DEC-2019,9801.1,9805.6,9741.95,9757.6,1629874071.0,32964.05
06-DEC-2019,9781.9,9787.25,9642.15,9669.4,2004142609.0,32071.07
09-DEC-2019,9682.0,9714.3,9636.75,9671.45,1647514285.0,29128.28
10-DEC-2019,9680.55,9682.65,9585.0,9595.4,1688748460.0,29126.91
11-DEC-2019,9605.6,9645.95,9574.85,9636.25,1909172428.0,31019.73
12-DEC-2019,9666.5,9714.95,9657.35,9691.15,1509130444.0,30357.48
13-DEC-2019,9732.35,9791.05,9731.15,9783.6,1718730748.0,35293.21
16-DEC-2019,9815.25,9817.65,9747.95,9753.0,1240487459.0,27566.74
17-DEC-2019,9776.45,9842.9,9766.55,9831.35,1516669810.0,34075.03
18-DEC-2019,9854.75,9876.4,9821.2,9864.55,1518631027.0,35229.35
19-DEC-2019,9866.15,9898.55,9845.55,9892.3,1471144087.0,31594.29
20-DEC-2019,9899.5,9920.65,9891.65,9905.35,1813934650.0,40671.03
23-DEC-2019,9882.95,9922.05,9861.4,9897.65,1346949483.0,28959.82
24-DEC-2019,9905.35,9915.25,9860.35,9868.4,1131663138.0,23580.28
26-DEC-2019,9871.45,9877.15,9811.35,9817.2,1372868389.0,27162.95
27-DEC-2019,9852.15,9916.25,9842.95,9908.7,1179841560.0,25729.59
30-DEC-2019,9931.6,9946.05,9891.05,9924.7,1147455123.0,24664.24
31-DEC-2019,9921.5,9921.7,9861.5,9872.55,1186430392.0,25910.13
01-JAN-2020,9897.95,9914.4,9875.1,9888.55,867072979.0,19186.24
02-JAN-2020,9903.25,9984.4,9901.4,9980.0,1380833508.0,29043.57
03-JAN-2020,9966.8,9976.75,9913.6,9941.65,1377925029.0,29852.53
06-JAN-2020,9896.45,9901.6,9731.85,9747.4,1330570851.0,29148.74
07-JAN-2020,9814.45,9883.45,9765.5,9805.4,1270621001.0,31001.36
08-JAN-2020,9708.7,9798.25,9700.35,9792.2,1544773904.0,30721.06
09-JAN-2020,9894.05,9951.2,9882.15,9943.9,1668330558.0,33577.71
10-JAN-2020,9985.0,10023.15,9947.35,9978.0,1622393908.0,33761.81
13-JAN-2020,10012.8,10046.45,10006.25,10042.5,1297634196.0,30167.4
14-JAN-2020,10051.2,10083.85,10032.85,10075.85,1398511254.0,33002.03
15-JAN-2020,10070.0,10095.95,10030.95,10087.05,1741707843.0,34074.07
16-JAN-2020,10099.95,10132.15,10076.6,10110.05,1400285555.0,32031.47
17-JAN-2020,10096.4,10138.45,10089.5,10118.7,2253454671.0,36222.12
20-JAN-2020,10174.95,10174.95,10019.05,10025.7,1570516879.0,34841.32
21-JAN-2020,10001.85,10033.3,9977.7,9987.55,1785958482.0,32943.62
22-JAN-2020,10029.55,10034.05,9935.0,9947.0,1601280854.0,34730.58
23-JAN-2020,9961.8,10027.8,9944.1,10021.4,2348271533.0,41988.35
24-JAN-2020,10019.95,10101.25,9999.25,10083.7,1554197670.0,33984.98
27-JAN-2020,10046.45,10077.45,9989.55,9999.6,1255907969.0,32307.54
28-JAN-2020,10023.5,10041.05,9934.2,9956.95,1525368903.0,37154.32
29-JAN-2020,10006.95,10039.05,9990.2,10009.3,1421633405.0,36402.71
30-JAN-2020,10025.35,10026.9,9902.3,9919.2,1576991322.0,36709.68
31-JAN-2020,9968.4,9971.2,9849.25,9861.45,1676651649.0,41550.72
01-FEB-2020,9844.9,9918.35,9582.85,9606.05,1356395404.0,34742.5
03-FEB-2020,9578.5,9682.65,9559.85,9650.55,1517719962.0,41798.82
04-FEB-2020,9711.95,9858.65,9711.1,9853.05,1476102799.0,40692.81
05-FEB-2020,9880.15,9955.9,9847.05,9951.35,1660431859.0,41108.91
06-FEB-2020,9979.65,10022.5,9953.2,10004.2,1584104050.0,43224.18
07-FEB-2020,10019.45,10021.7,9974.55,10000.75,1351171129.0,35725.49
10-FEB-2020,10008.75,10008.75,9917.65,9945.65,1275391055.0,31922.85
11-FEB-2020,10004.05,10044.15,9979.6,9987.05,1282206787.0,32823.86
12-FEB-2020,10020.6,10067.7,10015.85,10037.1,1517147187.0,33551.4
13-FEB-2020,10049.85,10053.2,9990.35,10017.75,1277817655.0,30866.97
14-FEB-2020,10031.25,10071.7,9947.65,9961.05,2683502020.0,36057.65
17-FEB-2020,9976.15,9990.75,9884.95,9891.0,1949296593.0,31815.54
18-FEB-2020,9876.7,9877.6,9768.45,9845.55,2126824758.0,35579.43
19-FEB-2020,9921.3,9974.85,9895.4,9970.5,2196256471.0,34015.83
20-FEB-2020,9969.9,10016.65,9950.6,9958.65,2314340813.0,40148.36
24-FEB-2020,9904.5,9904.5,9745.55,9758.2,1924819250.0,35670.29
25-FEB-2020,9796.45,9813.8,9711.75,9724.7,1836574624.0,34368.77
26-FEB-2020,9680.1,9713.2,9596.3,9622.7,1658136118.0,38031.2
27-FEB-2020,9612.4,9613.5,9496.55,9579.35,1775406576.0,37548.61
28-FEB-2020,9372.7,9374.85,9214.1,9236.05,2253598178.0,54244.58
02-MAR-2020,9380.4,9436.5,9105.0,9178.8,1860965164.0,43171.73
03-MAR-2020,9251.4,9348.55,9201.0,9324.3,1821519388.0,41393.78
04-MAR-2020,9362.9,9368.55,9125.45,9258.25,1877382216.0,45012.17
05-MAR-2020,9305.55,9365.55,9250.05,9280.15,2500204381.0,42422.36
06-MAR-2020,8997.05,9089.2,8918.55,9059.95,2936825544.0,42386.25
09-MAR-2020,8862.7,8870.15,8520.95,8631.35,3207301844.0,51647.39
11-MAR-2020,8556.1,8709.5,8555.8,8618.05,2872006191.0,48566.46
12-MAR-2020,8272.4,8272.85,7841.5,7901.35,3472376213.0,59518.1
13-MAR-2020,7425.05,8298.0,7028.7,8163.0,4174663660.0,63386.79
16-MAR-2020,7867.0,7904.25,7564.8,7591.9,3176431076.0,44203.82
17-MAR-2020,7642.35,7746.15,7383.35,7417.65,2542587898.0,42956.26
18-MAR-2020,7512.3,7543.05,6969.35,7010.55,4874966771.0,56338.03
19-MAR-2020,6676.85,7041.7,6483.15,6807.2,2742398434.0,50785.52
20-MAR-2020,6833.65,7267.25,6744.8,7160.1,2868975659.0,55055.32
23-MAR-2020,6522.8,6692.85,6226.1,6243.0,1654280663.0,32947.71
24-MAR-2020,6421.0,6556.65,6151.6,6365.45,1822797341.0,39365.18
25-MAR-2020,6299.75,6758.75,6291.85,6724.0,1609584079.0,39841.5
26-MAR-2020,6826.05,7079.75,6722.35,6993.85,2058864707.0,46930.74
27-MAR-2020,7230.55,7311.05,6902.9,7003.3,1953304259.0,45522.32
30-MAR-2020,6810.5,6947.95,6721.25,6749.2,1342385322.0,34557.69
31-MAR-2020,6938.05,7041.65,6808.75,6996.75,1637457914.0,38418.2
01-APR-2020,6995.55,6998.4,6720.45,6761.95,1325157333.0,30878.17
03-APR-2020,6831.65,6831.65,6619.55,6638.45,1629545801.0,38659.16
07-APR-2020,6913.5,7164.7,6842.95,7149.0,1905877368.0,51097.53
08-APR-2020,7090.4,7435.5,7061.35,7161.45,2175036885.0,56104.14
09-APR-2020,7335.2,7454.9,7298.4,7441.65,1903043499.0,49966.28
13-APR-2020,7450.2,7453.65,7279.0,7360.35,2415416399.0,43002.63
15-APR-2020,7503.0,7581.6,7298.55,7344.35,2823852623.0,62417.61
16-APR-2020,7297.8,7453.05,7268.25,7412.3,2106472595.0,48229.8
17-APR-2020,7665.4,7665.65,7489.2,7614.4,2497502001.0,53399.93
20-APR-2020,7712.2,7712.4,7602.1,7614.6,2219054607.0,46070.79
21-APR-2020,7436.5,7446.05,7346.55,7395.85,1882944565.0,45190.06
22-APR-2020,7421.85,7543.8,7350.25,7533.8,2142369093.0,50705.35
23-APR-2020,7575.55,7655.6,7540.4,7625.3,2285043159.0,46888.44
24-APR-2020,7519.6,7599.9,7485.55,7493.45,1939421775.0,50977.78
27-APR-2020,7578.0,7657.65,7572.1,7603.95,1630332943.0,44108.47
28-APR-2020,7690.55,7698.55,7584.85,7672.45,1782031657.0,46644.07
29-APR-2020,7702.6,7828.3,7692.95,7797.2,2061251466.0,48475.36
30-APR-2020,7947.15,8041.05,7933.3,8012.9,2658018047.0,61021.02
04-MAY-2020,7764.95,7765.8,7578.75,7596.9,2167488400.0,46673.18
05-MAY-2020,7704.5,7727.75,7513.25,7523.05,1839701448.0,45876.31
06-MAY-2020,7544.15,7620.8,7451.2,7575.5,2096198864.0,48092.24
07-MAY-2020,7551.6,7592.45,7509.8,7520.85,1629284382.0,73458.4
08-MAY-2020,7649.35,7654.15,7542.8,7552.0,1635029843.0,45812.23
11-MAY-2020,7628.5,7692.35,7542.75,7556.4,2505750345.0,45508.07
12-MAY-2020,7508.55,7552.6,7403.3,7520.9,2249675676.0,51889.99
13-MAY-2020,7819.15,7819.2,7632.85,7667.0,2904380722.0,55786.64
14-MAY-2020,7558.15,7614.8,7495.9,7514.55,2144455767.0,46932.59
15-MAY-2020,7547.6,7547.6,7447.7,7504.05,1829354717.0,42257.8
18-MAY-2020,7522.45,7522.5,7234.45,7245.25,2235846866.0,50680.86
19-MAY-2020,7350.1,7398.05,7266.15,7284.5,2674472069.0,47850.75
20-MAY-2020,7292.9,7446.85,7281.8,7426.85,2053411161.0,44843.09
21-MAY-2020,7444.45,7525.3,7429.25,7470.6,1993003977.0,45160.92
22-MAY-2020,7446.0,7507.5,7368.7,7416.0,2012105957.0,47095.54
26-MAY-2020,7463.6,7502.7,7395.95,7424.5,1846214834.0,45560.26
27-MAY-2020,7462.95,7607.4,7394.05,7595.55,2021180725.0,50645.08
28-MAY-2020,7635.0,7746.4,7616.8,7732.25,2575437304.0,55047.14
29-MAY-2020,7687.6,7834.05,7658.8,7822.4,5404237465.0,81438.91
01-JUN-2020,7935.7,8087.0,7923.7,8020.1,2991531089.0,61483.4
02-JUN-2020,8068.15,8147.4,8030.65,8137.45,3195724501.0,58798.82
03-JUN-2020,8241.6,8295.35,8182.15,8203.0,3483800210.0,63372.14
04-JUN-2020,8209.0,8266.95,8117.2,8185.9,3295275673.0,59003.15
05-JUN-2020,8243.6,8319.4,8206.1,8299.35,4518404839.0,61740.41
08-JUN-2020,8444.55,8445.65,8287.9,8323.95,4757123169.0,64944.4
09-JUN-2020,8350.3,8422.15,8213.6,8238.1,4062026406.0,61637.89
10-JUN-2020,8260.15,8314.6,8224.7,8293.35,3271455440.0,50858.55
11-JUN-2020,8284.1,8306.45,8125.0,8137.0,4593850025.0,55299.94
12-JUN-2020,7839.8,8212.8,7839.15,8196.4,3756577636.0,58540.58
15-JUN-2020,8171.75,8196.4,8030.4,8086.45,2907938830.0,51689.36
16-JUN-2020,8239.4,8260.2,8015.15,8152.3,3098568883.0,57112.86
17-JUN-2020,8126.3,8223.95,8098.0,8140.45,2294565569.0,49767.21
18-JUN-2020,8130.9,8297.0,8117.95,8283.65,3027587687.0,48535.15
19-JUN-2020,8314.95,8420.85,8282.5,8403.4,3211337834.0,78910.46
22-JUN-2020,8471.9,8538.75,8447.95,8486.45,3839180399.0,66086.36
23-JUN-2020,8527.5,8629.9,8488.35,8621.1,2834696037.0,61306.64
24-JUN-2020,8678.7,8699.55,8476.85,8496.25,3725013436.0,71165.17
25-JUN-2020,8440.75,8543.55,8410.15,8499.9,3294912797.0,65995.57
26-JUN-2020,8572.45,8595.45,8515.65,8559.0,3182178991.0,53698.83
29-JUN-2020,8514.6,8521.4,8426.95,8488.05,2842439723.0,46967.37
30-JUN-2020,8544.7,8560.3,8448.55,8474.8,2658379272.0,47291.97
01-JUL-2020,8493.75,8567.35,8466.7,8554.75,2168775132.0,47307.72
02-JUL-2020,8602.45,8677.95,8598.8,8647.85,2239635423.0,50974.35
03-JUL-2020,8700.85,8712.9,8660.65,8696.25,2107628036.0,46175.24
06-JUL-2020,8782.0,8843.1,8761.95,8815.7,2347395075.0,51466.45
07-JUL-2020,8847.25,8861.45,8762.2,8850.3,2505957552.0,62404.46
08-JUL-2020,8872.05,8894.05,8763.55,8785.0,3096997669.0,63277.83
09-JUL-2020,8823.75,8867.3,8808.0,8851.5,2300310833.0,49941.26
10-JUL-2020,8818.7,8865.35,8772.45,8813.95,2816580137.0,50748.11
13-JUL-2020,8879.55,8901.3,8796.55,8834.2,2073963572.0,49011.89
14-JUL-2020,8799.55,8802.7,8655.4,8693.35,1953674967.0,50027.62
15-JUL-2020,8764.05,8846.9,8661.45,8689.85,2327779172.0,60618.32
16-JUL-2020,8750.6,8776.05,8650.6,8766.6,2664281047.0,59011.86
17-JUL-2020,8783.05,8915.25,8781.45,8895.3,2616331036.0,55956.65
20-JUL-2020,8965.25,8994.95,8938.1,8985.1,2673796393.0,53406.44
21-JUL-2020,9066.15,9089.2,9049.45,9070.6,2512400599.0,63383.59
22-JUL-2020,9119.15,9123.05,8988.55,9046.6,2483774626.0,62817.56
23-JUL-2020,9054.85,9129.3,9034.6,9114.05,1727173615.0,50752.02
24-JUL-2020,9066.65,9108.2,9011.5,9085.95,2024581094.0,59249.66
27-JUL-2020,9112.45,9112.45,8995.1,9024.9,1664767288.0,52995.36
28-JUL-2020,9045.45,9153.0,9043.9,9141.75,1802104773.0,56260.39
29-JUL-2020,9135.5,9180.7,9057.9,9096.1,2109124615.0,58629.68
30-JUL-2020,9136.2,9163.95,9013.9,9031.7,1999618009.0,61249.14
31-JUL-2020,9061.5,9076.95,8997.7,9035.75,1981775570.0,58706.97
03-AUG-2020,9029.6,9029.8,8925.05,8932.05,2139060424.0,55243.61
04-AUG-2020,8980.55,9085.75,8951.0,9074.95,1877931258.0,54928.16
05-AUG-2020,9126.65,9175.45,9060.8,9088.75,2032470879.0,57081.53
06-AUG-2020,9150.15,9205.1,9115.75,9169.1,1905172327.0,54572.49
07-AUG-2020,9170.05,9211.75,9142.3,9198.65,2334527570.0,53564.34
10-AUG-2020,9257.2,9308.75,9241.5,9268.55,2076871976.0,56646.31
11-AUG-2020,9315.15,9346.9,9283.0,9291.0,2023060444.0,54182.67
12-AUG-2020,9269.15,9294.9,9229.2,9284.8,2142381903.0,51797.28
13-AUG-2020,9314.95,9339.2,9280.3,9307.85,2339287272.0,53861.28
14-AUG-2020,9350.65,9365.85,9157.65,9214.4,2466598785.0,60488.5
17-AUG-2020,9278.85,9281.95,9184.25,9267.9,1752057939.0,47449.09
18-AUG-2020,9286.1,9392.75,9282.1,9382.05,1901523426.0,49057.27
19-AUG-2020,9436.95,9449.15,9402.25,9412.55,2285969076.0,51903.28
20-AUG-2020,9347.9,9398.6,9325.05,9368.75,2506729364.0,51216.93
21-AUG-2020,9451.2,9465.05,9415.65,9423.55,2430585395.0,51258.11
24-AUG-2020,9466.8,9523.4,9465.7,9498.35,2314342622.0,51429.92
25-AUG-2020,9545.6,9556.5,9469.2,9509.25,2115985346.0,54359.2
26-AUG-2020,9547.05,9575.2,9508.0,9567.15,2107106450.0,58199.44
27-AUG-2020,9619.6,9625.65,9568.8,9580.7,2350010846.0,58477.53
28-AUG-2020,9623.0,9675.9,9614.75,9641.05,4071389917.0,68906.63
31-AUG-2020,9735.7,9747.05,9324.65,9372.05,3863255421.0,94053.13
01-SEP-2020,9422.45,9479.1,9353.2,9442.25,3778010053.0,59191.61
02-SEP-2020,9457.65,9534.5,9429.7,9518.4,2007910183.0,46872.28
03-SEP-2020,9550.35,9567.75,9520.1,9534.65,2952530476.0,46417.44
04-SEP-2020,9388.35,9476.6,9355.05,9377.95,3338644498.0,52716.87
07-SEP-2020,9403.45,9420.7,9307.55,9379.1,2722797972.0,44099.31
08-SEP-2020,9400.6,9436.7,9306.25,9329.85,1928517989.0,47160.0
09-SEP-2020,9250.1,9306.3,9203.5,9290.2,2036835934.0,51500.36
10-SEP-2020,9359.55,9429.9,9345.6,9420.25,1865344634.0,55877.8
11-SEP-2020,9424.45,9460.65,9405.15,9446.4,1498525416.0,48119.95
14-SEP-2020,9520.0,9577.85,9446.85,9493.3,2131830453.0,60169.63
15-SEP-2020,9538.15,9583.2,9515.35,9573.35,2191853679.0,51135.94
16-SEP-2020,9595.75,9640.95,9575.0,9632.5,1554748379.0,47813.31
17-SEP-2020,9584.55,9624.65,9553.85,9566.75,1466695812.0,46576.81
18-SEP-2020,9622.15,9626.55,9517.8,9559.5,2203284104.0,80256.91
21-SEP-2020,9565.95,9582.35,9284.75,9313.0,1873243657.0,58547.54
22-SEP-2020,9339.8,9340.25,9117.95,9213.9,2194132364.0,57252.6
23-SEP-2020,9296.45,9309.05,9106.0,9194.35,2220359834.0,53418.58
24-SEP-2020,9094.1,9097.4,8933.95,8944.75,2116204067.0,54542.57
25-SEP-2020,9032.7,9171.15,8985.75,9156.1,2341531045.0,51814.94
28-SEP-2020,9237.75,9338.7,9212.75,9330.25,1915557560.0,44898.75
29-SEP-2020,9385.75,9401.8,9286.05,9319.7,1981281501.0,48277.69
30-SEP-2020,9344.3,9375.85,9292.35,9341.75,1685665154.0,46250.51
01-OCT-2020,9433.7,9472.4,9423.8,9461.7,1649559208.0,43616.28
05-OCT-2020,9518.2,9567.55,9476.8,9516.3,1770099661.0,48569.9
06-OCT-2020,9592.65,9633.35,9564.05,9622.35,1562304293.0,47182.36
07-OCT-2020,9637.15,9673.3,9593.7,9654.5,1529749738.0,50132.41
08-OCT-2020,9724.55,9759.3,9674.95,9711.8,1758663740.0,57940.23
09-OCT-2020,9728.75,9774.75,9691.2,9750.15,1619493419.0,52977.58
12-OCT-2020,9793.35,9822.95,9698.9,9745.35,1459706393.0,42909.43
13-OCT-2020,9745.9,9784.8,9715.95,9736.45,1321281564.0,46815.6
14-OCT-2020,9726.45,9781.25,9657.5,9763.4,1600131402.0,48347.77
15-OCT-2020,9801.55,9802.9,9535.7,9550.05,1639785694.0,52563.21
16-OCT-2020,9588.8,9635.0,9536.45,9626.25,1471545501.0,47535.92
19-OCT-2020,9710.95,9717.6,9664.45,9709.3,1622404094.0,46485.23
20-OCT-2020,9699.3,9760.35,9682.3,9733.0,1573498289.0,45784.37
21-OCT-2020,9780.5,9821.95,9635.3,9756.6,1722901298.0,56998.7
22-OCT-2020,9726.45,9763.8,9683.8,9745.05,1634025894.0,51725.18
23-OCT-2020,9794.4,9807.15,9764.55,9780.35,1865194287.0,47021.55
26-OCT-2020,9794.95,9797.7,9609.2,9647.65,1624386756.0,47495.1
27-OCT-2020,9674.15,9756.05,9607.6,9748.3,1604881683.0,57709.62
28-OCT-2020,9773.85,9782.95,9602.75,9632.35,1687601159.0,53472.56
29-OCT-2020,9557.15,9637.85,9530.25,9593.4,1573369182.0,47085.22
30-OCT-2020,9605.1,9665.0,9500.7,9581.65,1888022481.0,48564.91
02-NOV-2020,9622.7,9634.15,9524.2,9595.95,1681708430.0,53161.07
03-NOV-2020,9648.65,9715.45,9643.0,9696.3,1671297247.0,55990.96
04-NOV-2020,9684.1,9778.1,9654.6,9764.6,1508974536.0,54804.57
05-NOV-2020,9874.35,9941.5,9857.25,9935.35,1733351157.0,53703.48
06-NOV-2020,9965.05,10044.9,9951.2,10033.5,1791087196.0,57008.44
09-NOV-2020,10137.3,10183.5,10100.45,10176.35,1683044676.0,54391.93
10-NOV-2020,10252.8,10277.0,10181.65,10269.0,2334227426.0,80161.14
11-NOV-2020,10308.5,10378.05,10233.35,10356.5,2188064608.0,79448.3
12-NOV-2020,10334.75,10367.85,10294.55,10342.7,2196575093.0,61167.55
13-NOV-2020,10324.1,10394.15,10293.25,10387.2,1792270638.0,55479.36
14-NOV-2020,10470.9,10476.55,10415.95,10440.35,604089340.0,8601.92
17-NOV-2020,10543.25,10543.85,10459.6,10524.0,2506791685.0,64233.1
18-NOV-2020,10516.75,10594.95,10491.5,10588.35,2500354034.0,65628.68
19-NOV-2020,10522.9,10633.15,10453.6,10477.5,2687307622.0,73318.26
20-NOV-2020,10514.85,10583.75,10456.95,10560.55,2575894539.0,68455.05
23-NOV-2020,10642.85,10661.25,10567.45,10635.95,2656757191.0,67314.73
24-NOV-2020,10698.3,10749.35,10686.5,10733.6,2423524030.0,63133.74
25-NOV-2020,10794.4,10804.1,10556.2,10574.95,2732592059.0,63753.78
26-NOV-2020,10611.05,10694.75,10531.9,10674.05,2081231455.0,58109.53
27-NOV-2020,10703.25,10751.0,10670.2,10719.05,4521358657.0,144321.35
01-DEC-2020,10803.25,10850.15,10734.3,10835.15,2708250078.0,59806.83
02-DEC-2020,10856.25,10866.15,10755.9,10858.15,2782310120.0,63042.83
03-DEC-2020,10936.75,10936.75,10871.8,10893.6,2734427441.0,67472.66
04-DEC-2020,10934.65,10990.2,10888.95,10978.85,2681966380.0,67182.8
07-DEC-2020,10994.15,11078.35,10982.75,11070.25,2437379648.0,63038.15
08-DEC-2020,11112.6,11136.8,11008.4,11088.65,3179015833.0,64598.31
09-DEC-2020,11147.55,11201.75,11143.45,11181.2,3173850711.0,57626.51
10-DEC-2020,11156.9,11156.9,11060.2,11141.35,2666432957.0,57222.47
11-DEC-2020,11172.65,11221.95,11082.0,11171.4,3056559322.0,60195.9
14-DEC-2020,11223.3,11240.4,11157.65,11215.25,2152360100.0,50549.26
15-DEC-2020,11212.35,11234.45,11128.4,11223.9,2330267235.0,55845.87
16-DEC-2020,11299.2,11328.4,11265.8,11320.1,2505621374.0,57339.49
17-DEC-2020,11347.1,11385.6,11322.75,11346.35,2010454298.0,54564.25
18-DEC-2020,11368.7,11376.7,11263.15,11355.0,2277338367.0,64204.27
21-DEC-2020,11338.4,11365.55,10787.5,10964.25,2778901674.0,69748.25
22-DEC-2020,10979.85,11097.3,10791.85,11075.75,2984718026.0,65464.93
23-DEC-2020,11092.4,11239.6,11062.2,11225.55,2577733180.0,52267.83
24-DEC-2020,11292.05,11342.45,11245.75,11325.25,2167449058.0,47241.08
28-DEC-2020,11387.45,11443.45,11386.1,11434.7,1946772582.0,43042.32
29-DEC-2020,11475.25,11506.2,11405.8,11467.0,2019680021.0,46747.09
30-DEC-2020,11507.05,11521.2,11414.1,11509.65,1868454677.0,46303.32
31-DEC-2020,11508.55,11548.35,11483.55,11518.3,2695072107.0,50627.31
01-JAN-2021,11535.85,11594.85,11532.6,11574.85,2196136531.0,37078.27
04-JAN-2021,11651.5,11703.25,11542.15,11691.8,3238422803.0,58243.99
05-JAN-2021,11647.6,11780.8,11613.5,11767.0,2858312752.0,62437.46
06-JAN-2021,11806.75,11817.1,11640.15,11737.9,3205480948.0,72306.74
07-JAN-2021,11833.6,11834.4,11753.8,11766.1,2917179475.0,68027.09
08-JAN-2021,11865.5,11940.45,11841.85,11925.6,2872214697.0,70912.11
11-JAN-2021,12024.65,12024.65,11921.75,12006.5,2406296224.0,67129.53
12-JAN-2021,12000.8,12083.7,11969.75,12058.35,3495364856.0,77259.12
13-JAN-2021,12123.0,12133.4,11925.0,12041.1,3837512381.0,81235.23
14-JAN-2021,12043.4,12081.55,11976.15,12069.5,2480285265.0,66898.02
15-JAN-2021,12078.6,12100.85,11864.05,11931.2,3917209536.0,70925.19
18-JAN-2021,11943.65,11948.2,11733.35,11776.2,2837637732.0,68505.23
19-JAN-2021,11851.15,11993.3,11849.15,11981.85,2212472618.0,58850.48
20-JAN-2021,12002.1,12092.05,11987.6,12078.35,2407564639.0,62345.33
21-JAN-2021,12154.7,12167.95,11959.6,12015.95,2731312071.0,77392.53
22-JAN-2021,12020.3,12053.1,11842.4,11854.5,3039832960.0,80443.11
25-JAN-2021,11951.1,11968.4,11719.55,11743.7,2692961157.0,71357.07
27-JAN-2021,11744.3,11744.3,11511.55,11546.35,2600763378.0,68325.45
28-JAN-2021,11419.3,11503.2,11365.85,11442.55,2946474453.0,68536.56
29-JAN-2021,11549.85,11568.9,11273.55,11302.4,2755193206.0,81015.99
01-FEB-2021,11396.9,11806.45,11304.0,11770.15,3206044317.0,84261.66
02-FEB-2021,11921.7,12102.6,11916.65,12053.25,3115606209.0,93755.74
03-FEB-2021,12139.7,12234.7,12005.4,12174.05,3076713409.0,85394.64
04-FEB-2021,12184.65,12297.55,12140.85,12285.85,3399706152.0,86049.57
05-FEB-2021,12345.25,12386.25,12247.45,12279.85,3526707080.0,90707.5
08-FEB-2021,12389.5,12469.3,12376.65,12441.3,2547801915.0,72771.16
09-FEB-2021,12487.6,12545.45,12396.2,12434.2,2929109749.0,77437.76
10-FEB-2021,12452.95,12490.45,12347.1,12452.45,2382581258.0,74942.94
11-FEB-2021,12433.5,12522.45,12426.15,12514.1,2377558184.0,61968.81
12-FEB-2021,12531.35,12571.0,12443.05,12508.55,2429004433.0,67132.57
15-FEB-2021,12592.0,12648.7,12576.7,12632.05,2190272365.0,64069.92
16-FEB-2021,12679.65,12724.55,12580.95,12647.2,2735370962.0,72223.05
17-FEB-2021,12631.1,12669.85,12561.55,12597.45,3441423674.0,72214.73
18-FEB-2021,12633.3,12655.4,12535.65,12565.7,3895779526.0,76252.99
19-FEB-2021,12540.85,12592.5,12360.7,12438.8,4127496879.0,78774.5
22-FEB-2021,12457.25,12471.65,12174.6,12212.55,2744803727.0,69475.12
23-FEB-2021,12294.3,12356.45,12190.65,12263.7,2791764312.0,71585.98
24-FEB-2021,12299.55,12470.2,12294.85,12455.2,1820862847.0,42589.87
25-FEB-2021,12543.5,12615.4,12533.3,12567.85,3273662422.0,79703.83
26-FEB-2021,12401.05,12449.0,12134.5,12181.4,4142697769.0,109138.34
01-MAR-2021,12316.3,12395.8,12271.85,12368.3,2891251630.0,61715.18
02-MAR-2021,12458.35,12548.2,12385.95,12519.4,2938298409.0,68999.03
03-MAR-2021,12635.85,12781.85,12603.05,12764.8,2957966799.0,72981.56
04-MAR-2021,12607.55,12771.1,12589.75,12688.85,3126112147.0,75056.1
05-MAR-2021,12621.95,12697.05,12478.45,12539.0,2792554205.0,70212.48
08-MAR-2021,12607.05,12682.55,12534.75,12558.95,2155684470.0,55054.02
09-MAR-2021,12638.4,12679.65,12494.6,12617.2,2352080501.0,65364.08
10-MAR-2021,12705.1,12722.6,12627.8,12691.35,1672894209.0,48878.51
12-MAR-2021,12806.15,12816.15,12534.45,12593.9,2326915273.0,61401.39
15-MAR-2021,12623.05,12624.3,12364.95,12510.15,2056747402.0,53137.8
15-MAR-2021,12623.05,12624.3,12364.95,12510.15,2056747402.0,53137.8
16-MAR-2021,12564.8,12601.05,12487.8,12512.7,1862226535.0,52664.38
17-MAR-2021,12540.15,12546.55,12301.15,12319.9,1936540698.0,53994.72
18-MAR-2021,12426.9,12449.85,12100.6,12174.45,2309132011.0,58593.43
19-MAR-2021,12096.8,12342.3,11951.4,12314.5,3133136265.0,87306.66
22-MAR-2021,12322.75,12360.45,12235.6,12338.6,1849339040.0,53789.96
23-MAR-2021,12375.4,12462.0,12340.3,12417.3,1926922396.0,57635.9
24-MAR-2021,12346.05,12390.6,12183.7,12197.2,1908995087.0,53495.21
25-MAR-2021,12218.8,12221.55,11939.0,11993.3,2802712837.0,63726.51
26-MAR-2021,12134.75,12191.95,12072.2,12148.9,2170641369.0,53189.01
30-MAR-2021,12256.0,12404.25,12249.0,12387.9,2336893708.0,63039.57
31-MAR-2021,12376.8,12376.8,12298.7,12313.7,2008833931.0,53428.44
01-APR-2021,12401.35,12492.55,12334.35,12479.0,2021172288.0,54655.32
05-APR-2021,12463.7,12466.25,12149.4,12298.6,2057526125.0,61651.48
06-APR-2021,12374.7,12422.85,12254.95,12358.1,1917914043.0,61222.5
07-APR-2021,12389.25,12510.7,12347.7,12481.3,1911252584.0,67793.48
08-APR-2021,12533.45,12624.25,12501.25,12541.65,2111913287.0,66804.75
09-APR-2021,12552.9,12591.95,12490.0,12527.4,2069618262.0,66230.36
12-APR-2021,12357.35,12361.4,11978.45,12024.1,2853601038.0,79803.24
13-APR-2021,12068.05,12201.55,12006.7,12186.7,2257222951.0,69260.28
15-APR-2021,12189.8,12248.9,12055.15,12237.6,2024986303.0,67074.86
16-APR-2021,12261.9,12358.55,12232.4,12298.05,1810544991.0,62695.56
19-APR-2021,12032.75,12094.55,11923.2,12076.45,1945295130.0,63782.02
20-APR-2021,12213.55,12232.85,11981.35,12055.4,1777906078.0,65408.94
22-APR-2021,11997.2,12147.5,11950.65,12132.05,1916024238.0,65923.2
23-APR-2021,12086.2,12199.4,12044.9,12105.6,1930597068.0,60796.55
26-APR-2021,12197.1,12263.6,12180.85,12216.85,1735708291.0,59768.26
27-APR-2021,12238.55,12374.0,12232.8,12362.55,1877031126.0,60504.3
28-APR-2021,12422.5,12537.05,12412.0,12517.95,1839783717.0,68348.98
29-APR-2021,12613.8,12659.4,12471.9,12532.8,2168487693.0,70290.87
30-APR-2021,12425.8,12524.1,12341.2,12364.35,2316126882.0,74470.43
03-MAY-2021,12256.85,12419.0,12210.55,12395.25,2256217808.0,63640.27
04-MAY-2021,12457.4,12487.15,12272.35,12300.45,3022137410.0,70935.12
05-MAY-2021,12394.85,12426.95,12319.25,12413.0,2181353931.0,64500.97
06-MAY-2021,12465.7,12514.1,12407.65,12501.9,2191078445.0,66827.88
07-MAY-2021,12579.9,12600.15,12527.35,12563.1,2435019294.0,69579.21
10-MAY-2021,12649.45,12685.8,12625.9,12669.9,2882079729.0,70856.54
11-MAY-2021,12559.95,12675.2,12538.65,12642.25,3564743840.0,74642.65
12-MAY-2021,12646.25,12646.95,12496.65,12537.95,4019085401.0,78524.82
14-MAY-2021,12595.15,12595.35,12408.1,12472.15,2899284653.0,78785.73
17-MAY-2021,12544.55,12683.8,12511.3,12672.1,2392678561.0,70091.85
18-MAY-2021,12794.95,12855.6,12783.15,12839.1,2405078400.0,73238.28
19-MAY-2021,12816.55,12882.5,12791.15,12809.0,2394147136.0,67445.58
20-MAY-2021,12831.3,12854.65,12718.2,12736.45,2605400606.0,66420.25
21-MAY-2021,12815.55,12929.05,12803.15,12917.85,2538873675.0,69247.44
24-MAY-2021,12963.0,13003.6,12912.25,12962.45,2882282221.0,71147.71
25-MAY-2021,13045.4,13046.15,12929.15,12963.0,2492182987.0,66290.17
26-MAY-2021,13010.0,13043.85,12954.15,13022.2,2350393146.0,61306.73
27-MAY-2021,13052.85,13091.35,13007.15,13066.25,3489793562.0,113147.86
28-MAY-2021,13134.7,13160.35,13098.85,13117.05,2510755416.0,66964.62
31-MAY-2021,13135.85,13244.4,13080.65,13226.35,2265613485.0,65470.27
01-JUN-2021,13274.25,13292.4,13164.85,13210.4,2090101215.0,57748.29
02-JUN-2021,13183.8,13290.7,13177.8,13274.25,2640938099.0,67649.08
03-JUN-2021,13347.05,13392.75,13332.0,13380.5,2703707920.0,66817.65
04-JUN-2021,13412.75,13433.6,13352.15,13393.9,3073781029.0,66385.49
07-JUN-2021,13454.1,13498.3,13418.5,13479.65,3342703144.0,68114.08
08-JUN-2021,13510.05,13513.05,13420.55,13496.55,2765882510.0,65971.98
09-JUN-2021,13532.2,13569.75,13333.85,13396.4,3364690736.0,75642.56
10-JUN-2021,13458.65,13524.85,13431.25,13517.2,2587040404.0,60361.37
11-JUN-2021,13577.05,13601.0,13513.85,13563.85,2690887678.0,60782.83
14-JUN-2021,13551.75,13565.0,13342.4,13554.15,2886671368.0,68327.79
15-JUN-2021,13601.35,13634.35,13587.75,13607.8,2288096967.0,57941.46
16-JUN-2021,13595.1,13621.65,13487.15,13510.6,2247315219.0,57685.75
17-JUN-2021,13405.9,13520.9,13372.4,13425.15,2299073612.0,63158.73
18-JUN-2021,13471.9,13474.95,13155.55,13386.55,3643105417.0,88605.41
21-JUN-2021,13240.9,13468.8,13221.05,13456.1,2605848877.0,53661.41
22-JUN-2021,13543.4,13589.65,13473.35,13491.1,2643719995.0,57648.96
23-JUN-2021,13570.1,13570.2,13412.45,13423.35,2587101997.0,57257.29
24-JUN-2021,13460.8,13486.75,13434.5,13468.25,1928526726.0,55307.22
25-JUN-2021,13512.15,13549.1,13471.0,13539.4,2381374446.0,55701.55
28-JUN-2021,13589.75,13589.85,13515.05,13533.05,2291881613.0,47878.33
29-JUN-2021,13535.55,13567.8,13461.25,13481.95,2121753668.0,54035.18
30-JUN-2021,13513.25,13552.95,13462.2,13473.55,2225442810.0,50622.76
01-JUL-2021,13504.7,13505.05,13441.55,13454.1,2051043540.0,45774.33
02-JUL-2021,13480.3,13506.1,13435.25,13494.45,1807176403.0,51592.52
05-JUL-2021,13558.4,13593.5,13536.9,13585.75,1986517476.0,47617.14
06-JUL-2021,13579.15,13661.9,13561.75,13574.15,2228290078.0,57235.09
07-JUL-2021,13577.5,13644.45,13542.05,13631.0,1791166691.0,51218.9
08-JUL-2021,13627.7,13660.85,13488.1,13532.7,1869770413.0,48147.66
09-JUL-2021,13513.5,13545.65,13470.2,13527.95,1565534299.0,44766.74
12-JUL-2021,13603.6,13620.15,13512.7,13549.0,1809425539.0,46644.61
13-JUL-2021,13633.1,13635.55,13580.45,13628.85,1537130204.0,46487.8
14-JUL-2021,13638.3,13678.8,13606.35,13661.1,1353870470.0,49268.75
15-JUL-2021,13686.35,13738.6,13677.35,13720.35,1622455717.0,53743.55
16-JUL-2021,13756.75,13761.1,13706.5,13742.35,2078937086.0,55661.88
19-JUL-2021,13624.3,13693.35,13573.65,13619.85,2356465289.0,53110.52
20-JUL-2021,13594.85,13614.75,13437.15,13495.6,1799075026.0,53438.44
22-JUL-2021,13592.4,13678.95,13590.3,13670.2,2171789245.0,57314.59
23-JUL-2021,13711.25,13728.4,13629.65,13687.0,2597135759.0,52167.58
26-JUL-2021,13692.2,13731.1,13648.45,13675.1,1796617659.0,50549.89
27-JUL-2021,13715.15,13740.9,13569.35,13610.3,1838503854.0,59056.91
28-JUL-2021,13631.55,13631.55,13409.1,13579.15,2019384906.0,58034.77
29-JUL-2021,13631.5,13668.9,13608.9,13643.75,2106240301.0,63057.64
30-JUL-2021,13671.55,13739.7,13635.45,13664.25,2157998197.0,67848.1
02-AUG-2021,13759.8,13789.9,13732.85,13783.7,1946413673.0,56706.78
03-AUG-2021,13840.6,13950.25,13817.9,13939.2,2412772263.0,59571.47
04-AUG-2021,13998.05,14045.05,13944.1,13969.35,3150952388.0,67736.4
05-AUG-2021,14000.9,14003.1,13891.7,13981.55,3957455172.0,60441.22
06-AUG-2021,13996.6,14029.8,13946.05,13954.65,2805276830.0,55850.76
09-AUG-2021,13993.6,14007.55,13870.25,13935.05,2356923244.0,48193.83
10-AUG-2021,13957.6,13996.85,13809.45,13892.75,1935174359.0,53300.35
11-AUG-2021,13924.05,13938.6,13716.7,13876.55,1971251665.0,53701.03
12-AUG-2021,13901.1,13979.85,13884.05,13971.95,1493031479.0,48262.78
13-AUG-2021,13997.75,14079.65,13991.7,14065.3,1557284734.0,54314.73
16-AUG-2021,14063.75,14087.4,14016.75,14070.8,1309598249.0,44544.58
17-AUG-2021,14063.9,14123.6,14010.9,14113.1,1569484678.0,57382.99
18-AUG-2021,14171.05,14186.5,14072.0,14095.55,1753353294.0,53018.39
20-AUG-2021,13951.5,14047.9,13910.2,13943.95,1890113076.0,61332.79
23-AUG-2021,14063.35,14063.5,13841.0,13930.55,2034607070.0,55351.48
24-AUG-2021,13986.95,14075.9,13942.5,14063.25,1610603086.0,53255.51
25-AUG-2021,14103.1,14145.45,14070.55,14093.6,1376531468.0,48182.66
26-AUG-2021,14106.45,14147.05,14074.9,14106.95,1491898368.0,48753.1
27-AUG-2021,14126.3,14203.95,14064.1,14192.5,1322925518.0,47465.23
30-AUG-2021,14257.4,14411.95,14250.55,14397.9,1418191928.0,52768.5
31-AUG-2021,14421.3,14571.8,14393.5,14555.9,1939879159.0,76252.46
01-SEP-2021,14611.65,14640.6,14527.05,14551.35,1842266019.0,58592.84
02-SEP-2021,14571.3,14692.0,14548.5,14684.35,2204479240.0,55492.82
03-SEP-2021,14724.7,14770.85,14682.2,14759.3,2454372126.0,55570.23
06-SEP-2021,14827.05,14843.4,14783.45,14805.85,1605956365.0,50194.19
07-SEP-2021,14834.95,14852.25,14713.55,14784.25,2369606925.0,51521.42
08-SEP-2021,14802.85,14825.1,14716.65,14803.6,2677527502.0,53492.66
09-SEP-2021,14780.6,14844.4,14774.15,14836.45,1826184489.0,43854.56
13-SEP-2021,14839.8,14865.75,14769.1,14852.2,1673709928.0,45569.06
14-SEP-2021,14917.05,14935.55,14881.55,14904.35,2920040073.0,56376.19
15-SEP-2021,14927.95,15028.65,14921.1,15020.55,3135906154.0,64864.98
16-SEP-2021,15050.85,15115.35,15012.25,15104.9,5345605915.0,67308.24
17-SEP-2021,15169.9,15207.7,14979.35,15027.25,4288419796.0,96706.64
20-SEP-2021,14907.5,15047.65,14800.85,14826.75,2432340465.0,57594.55
21-SEP-2021,14856.85,14959.45,14734.7,14946.3,2228665043.0,61904.7
22-SEP-2021,14977.3,15030.85,14950.35,14990.55,2024443497.0,61036.47
23-SEP-2021,15097.1,15219.35,15085.55,15205.45,2046704624.0,66567.45
24-SEP-2021,15274.1,15305.2,15160.45,15191.95,2678377777.0,71613.59
27-SEP-2021,15261.35,15262.65,15139.6,15189.05,1855011060.0,61300.47
28-SEP-2021,15235.1,15239.65,14967.05,15095.6,2245338421.0,63524.23
29-SEP-2021,15023.3,15141.05,14985.4,15086.95,3074300544.0,77468.97
30-SEP-2021,15109.7,15137.55,15026.95,15052.65,3246246370.0,67479.32
01-OCT-2021,14994.8,15031.55,14932.75,15013.95,2547877344.0,58660.53
04-OCT-2021,15094.4,15195.2,15075.25,15181.15,2050818357.0,60033.98
05-OCT-2021,15171.25,15287.7,15150.5,15280.1,2528673224.0,62408.13
06-OCT-2021,15328.95,15349.2,15109.1,15134.55,2579412312.0,68005.1
07-OCT-2021,15274.65,15335.95,15251.0,15290.15,2134120586.0,66161.71
08-OCT-2021,15375.3,15402.7,15317.4,15365.2,1859852067.0,66926.76
11-OCT-2021,15374.5,15497.8,15356.55,15428.0,2171060075.0,70637.79
12-OCT-2021,15426.6,15493.25,15371.8,15481.9,2776371650.0,69043.5
13-OCT-2021,15573.6,15660.2,15546.85,15631.4,3027680048.0,83860.64
14-OCT-2021,15733.3,15781.0,15710.1,15769.25,2579631708.0,91093.46
18-OCT-2021,15924.1,15949.2,15871.4,15886.15,3729469416.0,95130.93
19-OCT-2021,16003.95,16004.45,15716.7,15757.85,2962494793.0,96625.16
20-OCT-2021,15768.0,15776.35,15497.0,15568.65,2611891297.0,87389.01
21-OCT-2021,15666.6,15667.0,15373.45,15487.65,2521990001.0,79464.32
22-OCT-2021,15537.05,15600.45,15328.9,15399.7,2658091327.0,73931.37
25-OCT-2021,15492.0,15498.4,15181.6,15334.35,2423972413.0,75201.86
26-OCT-2021,15360.35,15528.9,15356.5,15499.65,2377318370.0,68850.99
27-OCT-2021,15541.75,15583.2,15454.1,15484.35,1908733604.0,64931.2
28-OCT-2021,15475.4,15475.45,15148.2,15190.85,2387292812.0,71438.37
29-OCT-2021,15163.5,15266.4,14961.5,15086.9,2323658555.0,73367.85
01-NOV-2021,15179.4,15318.15,15111.3,15302.7,1841726352.0,58879.91
02-NOV-2021,15344.35,15373.7,15278.7,15314.65,1699103912.0,57540.93
03-NOV-2021,15367.7,15397.3,15212.15,15282.75,1590805645.0,56962.45
04-NOV-2021,15380.95,15396.85,15363.35,15376.9,369458204.0,9759.75
08-NOV-2021,15474.25,15535.05,15313.2,15520.15,1750778815.0,64939.04
09-NOV-2021,15542.05,15579.5,15487.7,15541.95,2039428417.0,62548.55
10-NOV-2021,15492.05,15562.45,15458.5,15521.1,1877000269.0,56292.53
11-NOV-2021,15497.25,15499.9,15351.2,15411.1,1493771490.0,49991.79
12-NOV-2021,15504.35,15591.45,15429.6,15579.0,1520464318.0,52851.49
15-NOV-2021,15625.75,15664.45,15558.05,15592.6,1310851988.0,49828.85
16-NOV-2021,15613.1,15626.65,15492.6,15525.4,1497928101.0,56650.21
17-NOV-2021,15487.15,15560.75,15436.95,15454.95,1356329811.0,55152.96
18-NOV-2021,15461.5,15502.6,15239.8,15302.55,1715283574.0,59658.4
22-NOV-2021,15333.9,15339.65,14846.7,14976.7,2078909437.0,63655.31
23-NOV-2021,14876.0,15137.15,14820.4,15107.8,2118937938.0,67264.13
24-NOV-2021,15159.95,15199.2,14997.3,15046.5,1857315541.0,52720.39
25-NOV-2021,15057.6,15166.65,14984.7,15150.6,1839959382.0,51673.7
26-NOV-2021,14990.85,15012.1,14674.75,14707.2,2217882330.0,69530.97
29-NOV-2021,14683.05,14749.5,14402.1,14656.45,2224592537.0,61234.51
30-NOV-2021,14662.05,14912.75,14608.6,14648.35,2682400787.0,103561.49
01-DEC-2021,14743.7,14822.5,14694.3,14784.7,2309466860.0,52490.37
02-DEC-2021,14808.8,14990.3,14786.65,14973.95,2101455128.0,52120.85
03-DEC-2021,15002.65,15054.95,14845.25,14856.3,2448004269.0,53798.84
06-DEC-2021,14876.25,14882.15,14599.35,14618.35,2894531091.0,44148.17
07-DEC-2021,14733.25,14881.75,14683.25,14834.5,2053524776.0,47385.25
08-DEC-2021,14945.3,15084.5,14941.3,15073.25,1722666422.0,49618.26
09-DEC-2021,15126.55,15141.0,15023.2,15126.6,3114038725.0,48712.33
10-DEC-2021,15103.65,15168.8,15069.8,15155.0,2436218232.0,47446.05
13-DEC-2021,15258.1,15280.0,15052.9,15064.25,2044804382.0,52978.35
14-DEC-2021,15005.5,15072.0,14947.95,15043.25,1809018566.0,49830.59
15-DEC-2021,15050.1,15075.7,14936.6,14953.1,1508050662.0,43695.75
16-DEC-2021,15072.95,15078.85,14891.6,14936.45,1656250900.0,44948.96
17-DEC-2021,14952.75,14966.1,14658.5,14673.15,1914338443.0,63562.24
20-DEC-2021,14523.5,14533.8,14128.15,14300.7,2107251611.0,55045.21
21-DEC-2021,14423.7,14584.95,14386.45,14461.4,1649593618.0,44478.42
22-DEC-2021,14542.7,14652.35,14522.55,14639.75,1386347290.0,40578.9
23-DEC-2021,14738.3,14779.3,14708.7,14751.45,1248384517.0,37049.97
24-DEC-2021,14813.9,14819.2,14605.05,14664.8,1376801961.0,34558.54
27-DEC-2021,14617.15,14745.55,14515.25,14727.6,1256619005.0,33826.13
28-DEC-2021,14809.5,14880.85,14805.3,14867.85,1185348855.0,35448.73
29-DEC-2021,14866.2,14922.35,14835.35,14863.4,1573250586.0,34493.89
30-DEC-2021,14856.1,14894.65,14815.0,14842.05,1794991791.0,46066.58
31-DEC-2021,14879.25,15022.35,14877.85,14996.2,1818214463.0,36729.15
03-JAN-2022,15030.5,15220.05,15028.55,15204.6,1711743989.0,39006.14
04-JAN-2022,15260.9,15333.6,15168.15,15318.75,1992560514.0,45907.56
05-JAN-2022,15329.75,15410.6,15264.85,15396.4,1880757237.0,52030.71
06-JAN-2022,15275.75,15315.5,15197.1,15290.1,1835765443.0,49115.53
07-JAN-2022,15333.45,15418.4,15255.45,15348.55,1831250781.0,50557.6
10-JAN-2022,15427.65,15504.0,15400.55,15495.55,1742165362.0,48504.71
11-JAN-2022,15497.5,15559.1,15462.05,15530.55,3859562035.0,53943.53
12-JAN-2022,15627.05,15678.7,15595.65,15667.9,2465729163.0,52965.13
13-JAN-2022,15710.3,15730.95,15629.45,15721.05,1886097035.0,57199.86
14-JAN-2022,15667.95,15754.45,15619.55,15730.4,1578334741.0,50858.15
17-JAN-2022,15731.35,15794.95,15718.25,15781.25,1676707252.0,51494.76
18-JAN-2022,15819.45,15834.2,15546.65,15573.1,1865876457.0,53124.18
19-JAN-2022,15580.4,15580.4,15403.2,15472.5,1809243947.0,57601.18
20-JAN-2022,15464.45,15486.15,15280.55,15361.1,1452364959.0,54475.27
21-JAN-2022,15252.9,15294.7,15069.05,15180.8,1624156698.0,58204.78
24-JAN-2022,15155.0,15165.4,14577.15,14712.05,2092790883.0,62768.43
25-JAN-2022,14577.55,14853.0,14410.9,14832.2,2059618896.0,64499.34
27-JAN-2022,14671.7,14735.75,14489.8,14679.7,2247371180.0,72167.81
28-JAN-2022,14773.05,14952.15,14701.6,14723.25,2108354405.0,62900.16
31-JAN-2022,14894.75,14975.8,14857.55,14921.45,1701833595.0,53886.98
01-FEB-2022,15073.15,15138.2,14850.3,15116.2,2290902168.0,62980.23
02-FEB-2022,15218.25,15304.6,15201.45,15293.35,1979267946.0,52109.16
03-FEB-2022,15289.15,15296.35,15101.0,15135.9,1718538295.0,49653.03
04-FEB-2022,15159.6,15188.4,15048.35,15085.45,1700283517.0,48664.68
07-FEB-2022,15065.05,15126.65,14796.2,14870.6,1777758185.0,50492.38
08-FEB-2022,14926.5,14955.25,14689.15,14857.05,1793708441.0,52368.72
09-FEB-2022,14942.75,15026.5,14925.05,15016.35,1413173419.0,44543.31
10-FEB-2022,15084.35,15134.1,14972.35,15112.2,1675851554.0,48672.97
11-FEB-2022,14988.95,14990.6,14862.05,14891.3,1399113736.0,47828.54
14-FEB-2022,14606.55,14638.65,14370.7,14400.4,1733846850.0,52734.06
15-FEB-2022,14469.0,14822.75,14348.4,14805.55,1813119349.0,52618.37
16-FEB-2022,14876.65,14935.6,14756.5,14789.9,1468717194.0,44891.86
17-FEB-2022,14857.1,14895.65,14725.05,14772.05,1173686803.0,39296.63
18-FEB-2022,14711.3,14815.0,14692.65,14710.7,1107629373.0,33912.69
21-FEB-2022,14638.35,14733.1,14498.2,14597.1,1685206945.0,41360.43
22-FEB-2022,14269.45,14527.2,14267.6,14489.05,1789782510.0,50396.16
23-FEB-2022,14581.05,14629.05,14482.3,14506.95,1359046090.0,38951.88
24-FEB-2022,14055.85,14180.85,13747.45,13775.7,2896660329.0,75653.9
25-FEB-2022,14018.1,14247.05,14007.7,14187.4,2082555257.0,54706.24
28-FEB-2022,14047.75,14320.95,13928.8,14307.95,2039609404.0,62504.81
02-MAR-2022,14161.7,14265.5,14104.75,14199.8,1960825495.0,66290.37
03-MAR-2022,14327.7,14364.6,14094.3,14135.95,1981292495.0,59287.17
04-MAR-2022,14020.2,14075.0,13828.45,13893.15,2163358448.0,63248.32
07-MAR-2022,13594.75,13637.5,13438.3,13564.25,2132125281.0,65001.68
08-MAR-2022,13504.75,13720.1,13423.55,13706.75,1986681475.0,66754.87
09-MAR-2022,13786.4,14037.65,13721.95,13979.6,1863587266.0,62669.26
10-MAR-2022,14313.2,14316.8,14079.85,14189.0,1946810503.0,67367.68
11-MAR-2022,14145.5,14268.3,14098.7,14237.15,1529739344.0,52279.33
14-MAR-2022,14248.9,14389.35,14189.1,14374.6,1450414963.0,52485.63
15-MAR-2022,14408.75,14433.75,14130.9,14215.85,1766275769.0,60067.46
15-MAR-2022,14408.75,14433.75,14130.9,14215.85,1766275769.0,60067.46
16-MAR-2022,14392.55,14491.45,14369.5,14481.8,1284516904.0,46978.09
17-MAR-2022,14667.2,14756.55,14644.75,14721.7,2600172827.0,76084.9
21-MAR-2022,14773.05,14789.85,14590.7,14602.35,1498216639.0,50811.88
22-MAR-2022,14613.1,14738.15,14492.25,14724.05,1520859061.0,53604.32
23-MAR-2022,14806.6,14833.3,14660.45,14695.15,1679968615.0,53305.49
24-MAR-2022,14598.75,14744.7,14595.7,14699.35,1609080043.0,51907.08
25-MAR-2022,14763.9,14768.3,14590.45,14651.7,1396675558.0,48378.72
28-MAR-2022,14686.25,14694.85,14515.65,14675.85,1547370762.0,50067.99
29-MAR-2022,14744.05,14773.15,14689.6,14761.9,1722624126.0,48744.91
30-MAR-2022,14880.7,14924.75,14823.55,14896.9,2148589897.0,63379.17
31-MAR-2022,14925.55,14963.4,14871.0,14894.5,1815251648.0,57574.09
01-APR-2022,14890.1,15111.35,14882.6,15087.3,1854339950.0,50717.36
04-APR-2022,15192.8,15393.35,15184.7,15384.2,1956545495.0,68815.6
05-APR-2022,15433.05,15477.8,15360.2,15390.5,1870375947.0,64442.11
06-APR-2022,15318.15,15387.4,15293.85,15327.9,2840470400.0,64308.15
07-APR-2022,15292.35,15361.2,15185.7,15201.25,3302836546.0,68063.89
08-APR-2022,15271.35,15386.1,15202.5,15342.4,2385268764.0,60265.87
11-APR-2022,15337.5,15386.85,15294.3,15325.5,1750682873.0,52303.6
12-APR-2022,15281.85,15283.35,15078.45,15164.7,1771383713.0,58239.54
13-APR-2022,15239.65,15284.7,15126.65,15138.55,1388505488.0,45901.9
18-APR-2022,14942.6,14971.5,14821.25,14926.05,1668247374.0,60047.19
19-APR-2022,15012.75,15041.65,14617.05,14726.65,1855369225.0,67306.28
20-APR-2022,14807.15,14905.25,14747.95,14850.3,1463035590.0,52661.9
21-APR-2022,14946.3,15067.45,14929.15,15053.95,1436607750.0,52993.51
22-APR-2022,14948.1,15015.35,14875.8,14894.85,1486943550.0,53664.31
25-APR-2022,14758.6,14769.1,14623.1,14673.0,1525996866.0,48734.05
26-APR-2022,14818.8,14915.35,14785.85,14898.35,1357486732.0,48335.02
27-APR-2022,14797.35,14825.55,14678.95,14756.0,1542960449.0,51582.19
28-APR-2022,14886.5,14964.6,14765.85,14913.9,1613145949.0,54878.9
29-APR-2022,14991.45,15011.7,14743.35,14783.35,1609557502.0,57710.45
02-MAY-2022,14647.25,14751.05,14617.75,14736.3,1413251679.0,44482.85
04-MAY-2022,14771.45,14798.3,14343.6,14393.35,1629680302.0,52977.14
05-MAY-2022,14542.15,14606.05,14365.55,14395.5,1349654710.0,44646.86
06-MAY-2022,14159.1,14205.0,14073.45,14145.75,1526108456.0,52136.4
09-MAY-2022,14002.75,14088.3,13879.55,13991.75,1418991426.0,47160.84
10-MAY-2022,13953.95,14068.4,13823.35,13855.95,1345479766.0,46668.31
11-MAY-2022,13888.15,13949.1,13589.35,13771.8,1785910352.0,52297.48
12-MAY-2022,13656.95,13671.0,13389.75,13465.25,1827965124.0,50841.16
13-MAY-2022,13621.2,13738.55,13435.05,13471.5,1731094866.0,56887.33
16-MAY-2022,13540.25,13646.3,13434.45,13571.2,1504177884.0,42448.54
17-MAY-2022,13648.45,13944.7,13632.15,13926.05,1543622516.0,46608.4
18-MAY-2022,13989.35,14064.0,13896.6,13918.2,1588231425.0,50975.45
19-MAY-2022,13625.75,13680.65,13520.95,13550.9,1522617779.0,46743.19
20-MAY-2022,13755.05,13906.4,13733.55,13895.05,1395201103.0,45817.33
23-MAY-2022,13929.75,14005.5,13813.6,13835.8,1568671748.0,48946.48
24-MAY-2022,13858.05,13883.55,13709.4,13747.25,1571206265.0,44298.52
25-MAY-2022,13805.1,13821.4,13574.5,13587.75,1367445922.0,43959.11
26-MAY-2022,13651.55,13756.85,13445.25,13722.55,1681237805.0,53653.45
27-MAY-2022,13839.3,13885.05,13768.3,13873.15,1251551533.0,42132.19
30-MAY-2022,14022.6,14163.05,14009.65,14154.8,1395876254.0,44818.66
31-MAY-2022,14106.0,14215.45,14067.05,14119.6,2587496055.0,102893.26
01-JUN-2022,14132.1,14186.9,14009.05,14082.9,1370794669.0,44043.19
02-JUN-2022,14059.25,14179.3,14029.8,14167.95,1277988674.0,41032.64
03-JUN-2022,14280.35,14300.0,14064.9,14077.9,1205648026.0,45091.34
06-JUN-2022,14042.4,14081.2,13932.15,14054.1,1118638011.0,36351.46
07-JUN-2022,13978.65,13990.2,13883.75,13935.6,1115312622.0,36823.37
08-JUN-2022,13981.65,14020.45,13832.45,13886.9,1232230159.0,38330.14
09-JUN-2022,13816.7,13989.0,13790.0,13977.1,1114495573.0,35811.69
10-JUN-2022,13825.0,13860.05,13757.95,13781.75,1034024811.0,35630.6
13-JUN-2022,13521.2,13527.75,13356.2,13416.9,1306394989.0,39484.31
14-JUN-2022,13341.95,13506.5,13324.15,13388.3,1238442984.0,40017.93
15-JUN-2022,13412.2,13448.45,13366.75,13380.85,973850504.0,32009.11
16-JUN-2022,13508.7,13527.8,13064.05,13089.2,1385437449.0,42809.13
17-JUN-2022,13011.4,13111.95,12903.85,12994.75,1644760699.0,56532.85
20-JUN-2022,13026.15,13049.4,12855.55,12950.75,1553247536.0,40270.32
21-JUN-2022,13042.8,13275.5,13019.35,13241.9,1452889416.0,39382.15
22-JUN-2022,13176.1,13184.9,13028.35,13047.75,1284949775.0,35130.78
23-JUN-2022,13081.9,13231.9,13021.25,13178.8,1235063774.0,39101.74
24-JUN-2022,13269.2,13337.7,13247.95,13322.5,1194210708.0,36601.98
27-JUN-2022,13506.35,13510.8,13432.65,13444.55,1203390156.0,36695.16
28-JUN-2022,13389.85,13487.5,13330.75,13464.25,1242907282.0,36961.62
29-JUN-2022,13337.65,13462.05,13328.2,13417.85,1413712508.0,42587.18
30-JUN-2022,13410.8,13492.15,13352.4,13387.55,1296763256.0,44185.99
01-JUL-2022,13335.25,13422.45,13192.9,13394.45,1292755474.0,43262.76
04-JUL-2022,13378.4,13483.7,13337.2,13472.65,1090134381.0,35501.39
05-JUL-2022,13533.75,13628.45,13439.4,13461.85,1143490261.0,36881.9
06-JUL-2022,13472.8,13647.2,13443.35,13631.3,1162903383.0,42014.25
07-JUL-2022,13736.95,13777.75,13687.55,13765.6,1222896680.0,41345.89
08-JUL-2022,13873.75,13874.7,13770.9,13828.25,1090546667.0,37893.93
11-JUL-2022,13771.4,13905.95,13755.75,13886.85,1251741611.0,39858.66
12-JUL-2022,13823.6,13866.65,13757.3,13779.0,1229496938.0,35091.6
13-JUL-2022,13842.8,13861.3,13714.2,13726.95,1101134452.0,38311.91
14-JUL-2022,13771.2,13797.6,13617.15,13702.65,1079671317.0,38257.51
15-JUL-2022,13761.1,13804.05,13695.2,13790.2,1083221905.0,37897.06
18-JUL-2022,13883.8,13993.4,13877.6,13984.4,1171579610.0,39695.94
19-JUL-2022,13922.55,14067.75,13922.35,14051.65,1281842335.0,39715.35
20-JUL-2022,14220.2,14230.9,14140.0,14164.4,1356373232.0,45867.49
21-JUL-2022,14172.8,14288.6,14141.65,14271.8,1382327096.0,44704.27
22-JUL-2022,14325.05,14359.75,14265.25,14336.6,1246877998.0,42506.56
25-JUL-2022,14307.9,14335.1,14228.15,14279.5,1389197352.0,41015.7
26-JUL-2022,14284.7,14286.5,14122.55,14141.45,1492482903.0,42084.12
27-JUL-2022,14131.8,14272.2,14099.9,14262.55,1507711153.0,39359.87
28-JUL-2022,14365.05,14481.45,14330.3,14469.1,1742186254.0,52973.3
29-JUL-2022,14588.15,14677.75,14553.65,14665.65,1916576289.0,57040.56
01-AUG-2022,14741.4,14858.3,14666.2,14846.85,2120563196.0,52159.33
02-AUG-2022,14831.9,14906.0,14765.3,14876.6,3265345125.0,55682.65
03-AUG-2022,14880.65,14906.7,14750.75,14878.05,2403123575.0,51426.14
04-AUG-2022,14944.95,14974.7,14688.0,14892.45,2320098205.0,54830.17
05-AUG-2022,14933.2,14972.1,14874.25,14900.4,2153904409.0,52912.36
08-AUG-2022,14910.6,15009.9,14867.2,14993.35,1420711786.0,41443.51
10-AUG-2022,15033.3,15033.3,14919.2,14985.8,1671382607.0,48361.58
11-AUG-2022,15123.65,15130.05,15069.9,15095.15,1496590462.0,46706.84
12-AUG-2022,15102.8,15162.3,15060.75,15140.55,1736431366.0,49305.94
16-AUG-2022,15222.9,15287.45,15203.5,15280.5,1771080346.0,50806.13
17-AUG-2022,15325.35,15398.45,15306.55,15379.05,1881468758.0,52207.37
18-AUG-2022,15355.6,15415.25,15325.2,15404.6,1749038510.0,50071.08
19-AUG-2022,15426.2,15445.5,15205.55,15236.65,1925117182.0,57878.07
22-AUG-2022,15183.1,15186.15,14980.4,15001.75,1648241622.0,47112.76
23-AUG-2022,14887.0,15128.25,14879.9,15090.5,1844202013.0,48576.13
24-AUG-2022,15062.45,15152.45,15037.15,15140.4,1754769023.0,44296.33
25-AUG-2022,15208.85,15252.8,15075.1,15100.65,2157553941.0,47266.48
26-AUG-2022,15187.1,15242.65,15116.2,15147.55,1714471790.0,43929.16
29-AUG-2022,14797.8,15016.25,14793.95,14972.75,1543806646.0,44579.83
30-AUG-2022,15071.45,15338.8,15065.35,15325.05,1849362622.0,57012.18
01-SEP-2022,15142.7,15309.85,15141.45,15211.2,1887721217.0,55648.53
02-SEP-2022,15272.45,15305.0,15184.3,15201.6,1721101724.0,47830.73
05-SEP-2022,15221.75,15311.95,15217.35,15294.4,2063022326.0,41940.22
06-SEP-2022,15339.3,15386.75,15248.0,15313.05,2340271959.0,46093.22
07-SEP-2022,15222.25,15334.0,15199.4,15319.4,2329467161.0,54376.33
08-SEP-2022,15430.2,15448.75,15365.7,15440.7,1962089739.0,50817.9
09-SEP-2022,15547.55,15548.85,15426.4,15467.4,1883276625.0,50256.16
12-SEP-2022,15524.7,15600.15,15522.4,15577.4,1403829153.0,46186.67
13-SEP-2022,15667.35,15686.85,15635.15,15669.85,1799280675.0,52378.51
14-SEP-2022,15423.9,15688.1,15423.9,15630.7,2023793430.0,63649.39
15-SEP-2022,15686.0,15724.45,15543.9,15580.35,1805671642.0,57502.01
16-SEP-2022,15529.35,15542.0,15197.9,15243.95,2582890903.0,84141.95
19-SEP-2022,15264.25,15348.8,15135.15,15293.55,1592805437.0,51360.89
20-SEP-2022,15423.5,15557.3,15410.25,15470.35,1514536206.0,50291.97
21-SEP-2022,15449.25,15516.5,15320.05,15361.25,1633796422.0,48873.5
22-SEP-2022,15284.6,15386.75,15224.95,15335.3,1868222839.0,50354.87
23-SEP-2022,15324.3,15360.2,15032.75,15057.65,1723230144.0,49539.7
26-SEP-2022,14916.9,14932.5,14671.05,14725.7,1994235461.0,56231.49
27-SEP-2022,14805.85,14874.45,14652.3,14727.3,1676743917.0,48390.92
28-SEP-2022,14617.4,14768.25,14577.05,14620.6,1559120413.0,44088.11
29-SEP-2022,14748.2,14783.75,14569.1,14602.5,1813592799.0,58102.63
30-SEP-2022,14586.9,14881.3,14516.3,14829.35,1881198019.0,53260.21
03-OCT-2022,14837.1,14858.65,14585.8,14638.5,1665355078.0,46761.88
04-OCT-2022,14869.55,14975.6,14852.55,14965.8,1536625583.0,43538.29
06-OCT-2022,15063.55,15119.9,15042.2,15053.05,1649676252.0,49244.41
07-OCT-2022,15030.2,15055.65,14943.15,15036.7,1535855659.0,41886.07
10-OCT-2022,14857.0,14989.05,14818.5,14951.65,1420460846.0,38297.15
11-OCT-2022,14980.45,14982.75,14692.55,14721.9,1498799633.0,44289.25
12-OCT-2022,14761.45,14844.85,14676.55,14829.95,1418991409.0,39361.27
13-OCT-2022,14811.2,14832.35,14683.55,14730.3,1316039824.0,36590.43
14-OCT-2022,14979.15,14989.15,14803.7,14815.1,1270082006.0,38430.41
17-OCT-2022,14783.2,14920.7,14718.8,14906.15,1400728636.0,38806.64
18-OCT-2022,15009.1,15071.95,15007.25,15056.55,1737723416.0,44363.54
19-OCT-2022,15120.4,15153.05,15039.8,15068.6,1895840786.0,42236.66
20-OCT-2022,14998.45,15128.4,14979.6,15112.1,1946682857.0,42794.73
21-OCT-2022,15159.6,15181.9,15036.1,15081.1,1652010476.0,49023.16
24-OCT-2022,15225.45,15248.05,15179.15,15198.75,396649174.0,8510.37
25-OCT-2022,15251.75,15253.75,15143.45,15158.1,1717823983.0,44733.42
27-OCT-2022,15246.55,15273.3,15172.15,15244.25,1790193355.0,50629.83
28-OCT-2022,15265.45,15290.15,15191.6,15241.6,1488533655.0,42323.52
31-OCT-2022,15333.15,15433.05,15327.4,15424.0,1436076775.0,45150.45
01-NOV-2022,15507.95,15545.85,15460.7,15537.4,1756374202.0,51994.19
02-NOV-2022,15560.45,15561.1,15470.4,15497.55,1356369438.0,45387.78
03-NOV-2022,15407.8,15519.15,15401.3,15484.7,1533581319.0,42508.55
04-NOV-2022,15495.75,15542.15,15454.3,15530.85,1799754365.0,47682.93
07-NOV-2022,15610.95,15647.25,15505.75,15615.15,2098710460.0,54741.24
09-NOV-2022,15684.45,15686.35,15534.85,15567.25,2286514913.0,56768.38
10-NOV-2022,15490.25,15523.9,15384.35,15440.0,1696143940.0,47046.71
11-NOV-2022,15633.5,15662.05,15612.45,15649.1,2301538901.0,65405.72
14-NOV-2022,15672.5,15684.25,15627.75,15650.2,1975805848.0,51967.69
15-NOV-2022,15678.5,15708.9,15609.5,15693.9,1490601593.0,43328.34
16-NOV-2022,15696.55,15711.3,15607.25,15663.3,1895666450.0,48591.62
17-NOV-2022,15630.55,15661.1,15573.95,15597.25,1751072310.0,43854.1
18-NOV-2022,15634.3,15644.8,15472.35,15550.85,1740991153.0,43855.37
21-NOV-2022,15514.6,15523.15,15431.2,15453.8,1897045381.0,39062.97
22-NOV-2022,15472.65,15518.1,15437.3,15509.2,1889428183.0,41267.02
23-NOV-2022,15572.75,15572.9,15520.25,15538.15,1966564981.0,43505.26
24-NOV-2022,15588.45,15706.5,15567.75,15680.8,1938019518.0,44033.16
25-NOV-2022,15719.8,15743.1,15668.35,15727.25,2580923382.0,46425.53
28-NOV-2022,15683.75,15817.35,15642.8,15784.45,2407263794.0,48790.29
29-NOV-2022,15784.55,15859.35,15782.4,15812.45,2085343665.0,44182.45
30-NOV-2022,15827.45,15991.6,15820.55,15946.15,3148620915.0,87021.75
01-DEC-2022,16041.15,16041.65,15972.75,16003.95,2087260933.0,54763.64
02-DEC-2022,15977.5,15991.05,15909.6,15963.5,2231197217.0,51756.63
05-DEC-2022,15994.95,15999.8,15881.8,15967.2,2366550196.0,48301.66
06-DEC-2022,15904.1,15936.7,15881.6,15922.85,2311633800.0,43781.56
07-DEC-2022,15932.25,15953.25,15836.05,15862.0,2008438540.0,42524.76
08-DEC-2022,15881.8,15918.75,15860.3,15911.1,1967287299.0,44768.86
09-DEC-2022,15964.85,15967.3,15727.35,15812.75,3679343930.0,53340.85
12-DEC-2022,15759.65,15836.85,15687.95,15828.0,2791385743.0,42396.27
13-DEC-2022,15863.25,15913.8,15830.65,15904.5,3497303705.0,47167.84
14-DEC-2022,15958.15,15988.55,15946.3,15963.8,4415929519.0,49288.98
15-DEC-2022,15938.05,15968.2,15758.85,15783.8,3335428333.0,45875.91
16-DEC-2022,15710.9,15799.35,15625.25,15636.35,2877750101.0,57223.41
19-DEC-2022,15658.85,15764.0,15606.15,15755.2,2537045437.0,39786.77
20-DEC-2022,15704.05,15740.25,15580.8,15726.2,2326129868.0,39296.79
21-DEC-2022,15772.95,15812.05,15497.6,15527.55,3062020011.0,49497.11
22-DEC-2022,15599.55,15636.1,15369.6,15431.5,2756025508.0,45309.61
23-DEC-2022,15300.75,15349.35,15018.75,15046.0,2817098950.0,48222.81
26-DEC-2022,15060.85,15350.35,14985.4,15298.55,2912946876.0,39624.58
27-DEC-2022,15375.2,15433.65,15278.6,15418.35,2551296617.0,37155.47
28-DEC-2022,15390.55,15468.15,15363.65,15432.8,2369754511.0,37262.82
29-DEC-2022,15370.0,15517.45,15307.0,15485.2,2121593379.0,43553.07
30-DEC-2022,15557.75,15581.95,15425.65,15448.85,2177895200.0,37330.91
02-JAN-2023,15479.95,15536.35,15433.3,15523.65,2100336318.0,33418.04
03-JAN-2023,15515.75,15575.7,15500.75,15557.8,2077114272.0,36180.6
04-JAN-2023,15563.15,15574.5,15375.8,15393.0,2139053096.0,40254.1
05-JAN-2023,15446.5,15462.15,15286.4,15386.2,1756668308.0,43843.18
06-JAN-2023,15401.35,15419.4,15219.85,15272.0,1731462274.0,38143.17
09-JAN-2023,15360.4,15472.15,15353.35,15450.1,1622494542.0,38865.42
10-JAN-2023,15470.0,15472.45,15262.1,15325.25,1603159738.0,39176.65
11-JAN-2023,15342.75,15375.1,15257.0,15301.35,1618847634.0,39057.77
12-JAN-2023,15329.7,15347.2,15203.55,15279.6,1525410438.0,39927.57
13-JAN-2023,15295.9,15370.05,15215.0,15346.1,1654332600.0,41493.39
16-JAN-2023,15398.15,15421.25,15276.5,15305.45,1862743570.0,37956.77
17-JAN-2023,15328.85,15411.0,15291.6,15396.15,1662006794.0,38829.65
18-JAN-2023,15416.6,15479.65,15376.5,15466.35,1456707447.0,40195.87
19-JAN-2023,15427.15,15455.15,15387.25,15419.7,1397940591.0,36604.78
20-JAN-2023,15428.2,15443.45,15336.7,15347.9,1456578538.0,40724.65
23-JAN-2023,15411.5,15427.5,15364.25,15403.2,1746351498.0,37077.9
24-JAN-2023,15451.2,15459.3,15364.2,15388.55,1385162036.0,39883.46
25-JAN-2023,15364.4,15368.7,15146.4,15171.95,1796456426.0,44916.42
27-JAN-2023,15160.15,15165.4,14779.1,14874.75,2361981912.0,71139.44
30-JAN-2023,14807.5,14955.15,14675.05,14854.2,2176673692.0,65863.7
31-JAN-2023,14906.45,14962.95,14787.85,14935.5,2135709658.0,63727.77
01-FEB-2023,15054.8,15154.1,14622.65,14847.65,2638250569.0,74835.39
02-FEB-2023,14760.35,14887.45,14698.4,14839.4,2056905928.0,64139.7
03-FEB-2023,14904.1,14972.15,14746.45,14962.35,2022624131.0,58230.16
06-FEB-2023,14939.4,14954.3,14870.55,14934.15,2178288360.0,43661.23
07-FEB-2023,14950.15,14970.8,14845.95,14902.2,1680002570.0,48118.93
08-FEB-2023,14927.55,15046.7,14924.05,15028.3,1730153256.0,48124.92
09-FEB-2023,15036.85,15054.75,14956.9,15030.1,1569293387.0,45739.53
10-FEB-2023,14992.65,15031.1,14969.55,15015.85,1567464644.0,40692.9
13-FEB-2023,15011.35,15022.55,14875.85,14900.5,1389238443.0,41233.12
14-FEB-2023,14936.2,14988.0,14879.35,14968.9,1317351612.0,39912.76
15-FEB-2023,14939.0,15053.55,14923.25,15039.65,1261216093.0,40630.65
16-FEB-2023,15098.45,15135.35,15060.0,15083.75,1262808878.0,43769.1
17-FEB-2023,15036.25,15077.0,14966.3,15003.95,1183806448.0,36641.84
20-FEB-2023,15023.45,15036.45,14920.7,14938.65,1487039164.0,34966.37
21-FEB-2023,14982.0,14992.7,14894.15,14913.95,1362135509.0,35313.01
22-FEB-2023,14854.15,14861.05,14674.25,14701.9,1445331515.0,36990.62
23-FEB-2023,14715.2,14740.8,14599.1,14666.75,1738279069.0,41105.58
24-FEB-2023,14723.4,14741.95,14598.95,14630.45,1443460554.0,35586.7
27-FEB-2023,14600.9,14609.4,14465.7,14548.7,1359792443.0,36215.0
28-FEB-2023,14550.0,14584.45,14476.0,14518.75,2038552537.0,64098.28
01-MAR-2023,14557.0,14675.05,14550.1,14664.85,1609704691.0,39735.71
02-MAR-2023,14654.8,14668.4,14575.95,14587.25,1559920347.0,40737.52
03-MAR-2023,14686.25,14813.05,14676.05,14774.75,1831401257.0,45660.5
06-MAR-2023,14848.35,14942.05,14843.7,14881.0,1618596616.0,47459.89
08-MAR-2023,14843.1,14932.4,14791.25,14921.95,1383638204.0,44963.87
09-MAR-2023,14947.05,14952.85,14788.9,14803.95,1337603327.0,41438.99
10-MAR-2023,14695.05,14699.35,14593.4,14679.85,1254042243.0,38335.61
13-MAR-2023,14681.55,14752.85,14420.5,14454.45,1820012428.0,43378.59
14-MAR-2023,14462.0,14499.2,14306.8,14358.55,1541520782.0,47108.03
15-MAR-2023,14458.15,14494.35,14298.15,14320.3,1386568459.0,41631.2
15-MAR-2023,14458.15,14494.35,14298.15,14320.3,1386568459.0,41631.2
16-MAR-2023,14328.5,14387.65,14189.0,14330.35,2166814560.0,48027.18
17-MAR-2023,14436.25,14464.9,14327.75,14420.85,2335798763.0,60463.18
20-MAR-2023,14389.85,14393.6,14196.5,14317.1,1617972972.0,42305.3
21-MAR-2023,14379.05,14428.15,14339.95,14411.3,1329388698.0,40872.29
22-MAR-2023,14470.05,14497.15,14432.2,14460.0,1293203459.0,33640.63
23-MAR-2023,14422.95,14490.65,14388.3,14403.6,1162234148.0,37893.89
24-MAR-2023,14409.0,14434.1,14257.5,14279.0,1396048977.0,41274.87
27-MAR-2023,14306.6,14348.95,14238.9,14262.7,1481559192.0,38081.34
28-MAR-2023,14289.95,14300.2,14177.5,14211.8,1461524983.0,39550.8
29-MAR-2023,14218.6,14377.3,14218.6,14345.6,1955709926.0,52512.64
31-MAR-2023,14442.3,14577.15,14438.8,14557.85,1744273854.0,50435.82
03-APR-2023,14621.05,14621.05,14541.6,14601.95,1382486174.0,40241.64
05-APR-2023,14620.7,14718.9,14611.25,14709.4,1345237378.0,45397.63
06-APR-2023,14701.1,14786.0,14673.7,14759.2,1301693047.0,45127.78
10-APR-2023,14797.35,14833.45,14767.0,14790.55,1206322523.0,40434.75
11-APR-2023,14854.65,14893.6,14814.35,14867.25,1244492478.0,45157.23
12-APR-2023,14902.2,14949.9,14871.9,14941.55,1196592192.0,45447.49
13-APR-2023,14946.45,14965.7,14885.25,14954.25,1296251187.0,48291.38
17-APR-2023,14970.35,14970.35,14794.45,14904.3,1396018912.0,56502.52
18-APR-2023,14949.1,14949.1,14852.65,14897.0,1588353060.0,46292.52
19-APR-2023,14901.25,14905.6,14832.9,14856.9,1465719425.0,43266.42
20-APR-2023,14878.55,14905.8,14835.9,14861.75,1113300816.0,40102.76
21-APR-2023,14879.6,14888.65,14789.95,14847.1,1446493835.0,38260.75
24-APR-2023,14903.95,14937.2,14841.6,14930.15,1560382501.0,41701.65
25-APR-2023,14945.8,14981.3,14916.35,14955.7,1999028047.0,54307.88
26-APR-2023,14954.2,15003.1,14918.55,14994.4,2112789940.0,48453.48
27-APR-2023,14999.9,15085.85,14989.2,15075.05,1984703788.0,49102.7
28-APR-2023,15111.05,15235.45,15077.45,15219.55,2188830164.0,58704.94
02-MAY-2023,15276.2,15327.75,15261.15,15300.75,2179360513.0,52398.57
03-MAY-2023,15277.75,15305.05,15239.5,15276.4,2173387111.0,48872.14
04-MAY-2023,15282.25,15414.7,15272.7,15405.5,2225522693.0,50710.92
05-MAY-2023,15330.35,15394.9,15265.85,15278.6,2111148433.0,53911.11
08-MAY-2023,15321.9,15440.85,15310.75,15427.1,1756130710.0,50209.5
09-MAY-2023,15462.75,15502.7,15393.95,15420.6,1814854477.0,52679.68
10-MAY-2023,15458.05,15476.1,15372.45,15466.05,1633262258.0,45815.06
11-MAY-2023,15512.35,15526.75,15461.85,15484.05,1597875715.0,50339.97
12-MAY-2023,15475.05,15506.15,15401.65,15477.35,1349781848.0,47211.49
15-MAY-2023,15495.85,15591.95,15464.65,15549.7,1356766940.0,44559.72
16-MAY-2023,15584.4,15592.25,15476.65,15492.4,1781786496.0,49882.61
17-MAY-2023,15508.25,15512.85,15367.0,15426.35,1707386684.0,48033.26
18-MAY-2023,15506.65,15514.9,15346.85,15361.6,1592845181.0,48801.15
19-MAY-2023,15399.5,15418.8,15278.7,15407.55,1395757427.0,48139.48
22-MAY-2023,15409.05,15517.65,15386.9,15504.0,1699216020.0,51559.27
23-MAY-2023,15551.05,15595.65,15528.75,15544.75,1488306358.0,53375.47
24-MAY-2023,15517.2,15591.4,15493.3,15515.95,1759565697.0,53608.02
25-MAY-2023,15510.2,15568.55,15474.15,15555.25,1791618537.0,48350.12
26-MAY-2023,15589.5,15704.0,15567.85,15696.75,1555175547.0,47282.85
29-MAY-2023,15791.75,15805.75,15758.15,15772.35,1756013937.0,45448.94
30-MAY-2023,15784.25,15823.9,15759.35,15799.45,1635982788.0,47006.41
31-MAY-2023,15773.8,15789.2,15706.5,15766.4,3452743298.0,126891.56
01-JUN-2023,15801.95,15823.95,15743.4,15760.35,1756671826.0,50532.95
02-JUN-2023,15816.8,15838.45,15774.65,15811.2,1850569083.0,50538.99
05-JUN-2023,15877.45,15899.15,15851.75,15859.5,1789968379.0,48955.65
06-JUN-2023,15873.75,15895.7,15816.7,15878.4,1727376202.0,48736.44
07-JUN-2023,15938.3,16016.0,15920.25,16006.7,3113270657.0,51368.99
08-JUN-2023,16021.7,16048.8,15906.15,15921.05,2368753675.0,52520.12
09-JUN-2023,15947.95,15961.7,15866.8,15877.4,1899270713.0,48089.96
12-JUN-2023,15913.2,15946.15,15874.4,15929.1,1724891640.0,41580.42
13-JUN-2023,15964.8,16057.5,15964.3,16048.2,1911980895.0,53551.87
14-JUN-2023,16082.15,16094.1,16035.15,16084.05,2015517783.0,51495.07
15-JUN-2023,16106.85,16138.7,16039.05,16058.25,1704321908.0,56123.42
16-JUN-2023,16100.9,16211.25,16091.8,16181.45,2041481293.0,65472.48
19-JUN-2023,16231.05,16244.95,16117.85,16142.15,1733302800.0,52388.44
20-JUN-2023,16147.55,16215.6,16080.95,16199.95,1693222122.0,52688.65
21-JUN-2023,16244.55,16277.35,16201.4,16240.95,1856148146.0,55606.02
22-JUN-2023,16252.75,16264.15,16128.8,16140.8,1797196570.0,55744.22
23-JUN-2023,16126.7,16133.95,15999.4,16011.8,1506652293.0,49153.58
26-JUN-2023,16017.5,16079.0,15995.1,16066.15,1333426701.0,43552.26
27-JUN-2023,16118.65,16171.2,16104.2,16163.5,1483209418.0,48839.63
28-JUN-2023,16239.85,16296.0,16210.45,16277.2,2074192988.0,74402.01
30-JUN-2023,16354.95,16437.45,16326.0,16430.0,2166302742.0,65347.97
03-JUL-2023,16490.95,16541.9,16485.3,16527.95,2214326561.0,52078.91
04-JUL-2023,16597.5,16599.25,16499.15,16556.05,2893789032.0,56841.97
05-JUL-2023,16580.2,16611.15,16540.2,16597.2,2338435100.0,56398.66
06-JUL-2023,16600.75,16703.3,16590.7,16695.05,2484569018.0,62772.1
07-JUL-2023,16653.3,16718.2,16541.6,16564.9,2179404202.0,57293.84
10-JUL-2023,16620.9,16623.95,16530.75,16553.75,1783754067.0,55844.44
11-JUL-2023,16610.95,16698.8,16597.55,16648.0,1975160951.0,60719.96
12-JUL-2023,16697.1,16703.25,16627.3,16641.05,2112052873.0,79903.05
13-JUL-2023,16726.95,16774.5,16596.45,16623.9,2156364179.0,64224.57
14-JUL-2023,16695.7,16786.0,16655.05,16765.45,1682708773.0,57259.57
17-JUL-2023,16811.65,16884.95,16784.35,16872.05,2046131796.0,60650.96
18-JUL-2023,16932.95,16940.15,16818.3,16872.0,1999923967.0,65606.28
19-JUL-2023,16919.05,16964.25,16877.45,16953.5,1986820964.0,57382.12
20-JUL-2023,16965.45,17051.0,16912.7,17042.55,2161651793.0,63934.44
21-JUL-2023,16931.95,16991.4,16874.95,16904.3,2357183475.0,70807.1
24-JUL-2023,16921.75,16948.4,16852.2,16865.15,2884001503.0,63588.95
25-JUL-2023,16918.8,16918.85,16832.45,16896.9,2288027339.0,66584.75
26-JUL-2023,16950.7,17011.0,16931.6,16975.0,2313612385.0,59928.8
27-JUL-2023,17038.35,17056.2,16873.0,16919.2,2480262255.0,72603.45
28-JUL-2023,16935.05,16960.5,16880.6,16948.35,2068536544.0,62221.04
31-JUL-2023,16972.5,17072.8,16939.0,17059.0,2443434212.0,63188.37
01-AUG-2023,17096.6,17102.1,17026.3,17051.15,2330924567.0,60708.51
02-AUG-2023,17005.6,17018.85,16755.9,16858.95,2424631026.0,63532.76
03-AUG-2023,16818.35,16878.75,16691.65,16772.3,2549855462.0,72056.04
04-AUG-2023,16847.4,16914.45,16836.55,16890.6,2629068612.0,68151.38
07-AUG-2023,16948.35,16970.05,16897.5,16956.35,2250346646.0,58176.01
08-AUG-2023,16991.85,16998.15,16889.85,16949.25,2394535297.0,63249.61
09-AUG-2023,16966.85,17011.95,16881.75,17003.85,2114888989.0,60034.38
10-AUG-2023,16999.5,17013.45,16901.55,16939.85,2345381843.0,67890.32
11-AUG-2023,16970.05,16972.05,16845.8,16860.15,2276876336.0,63377.74
14-AUG-2023,16827.75,16854.1,16661.0,16825.55,2026866528.0,55878.34
16-AUG-2023,16779.6,16867.8,16732.75,16853.05,1964387123.0,58414.4
17-AUG-2023,16858.85,16869.4,16781.6,16802.25,2047869552.0,59410.63
18-AUG-2023,16768.0,16803.25,16722.05,16757.7,1900552417.0,59333.02
21-AUG-2023,16780.75,16872.55,16766.7,16852.05,1765277824.0,51424.65
22-AUG-2023,16886.95,16925.45,16874.8,16905.25,2251643586.0,53418.35
23-AUG-2023,16950.9,16981.85,16912.15,16950.25,2283716870.0,57435.29
24-AUG-2023,17039.25,17074.25,16916.4,16930.15,2414341659.0,71343.04
25-AUG-2023,16871.0,16905.7,16785.25,16820.85,2505022441.0,58407.95
28-AUG-2023,16866.4,16918.25,16823.4,16875.3,2442608132.0,50634.88
29-AUG-2023,16933.85,16938.8,16898.05,16927.3,2514033994.0,58916.67
30-AUG-2023,17010.15,17035.6,16959.1,16968.95,2247514601.0,58093.03
31-AUG-2023,17001.35,17011.8,16904.7,16924.3,3889498475.0,123953.21
01-SEP-2023,16940.2,17088.1,16931.5,17074.55,3986074942.0,73217.83
04-SEP-2023,17157.9,17191.2,17074.55,17180.95,4456715110.0,75529.72
05-SEP-2023,17228.2,17264.9,17180.95,17252.1,3770250639.0,74224.31
06-SEP-2023,17274.2,17298.8,17198.75,17284.6,3048646034.0,74618.88
07-SEP-2023,17292.35,17395.0,17269.1,17385.5,2721622531.0,65580.89
08-SEP-2023,17437.65,17519.6,17411.85,17487.45,2991385758.0,76172.26
11-SEP-2023,17567.2,17660.8,17550.2,17653.35,3717219996.0,75293.19
12-SEP-2023,17753.95,17754.05,17422.05,17460.55,4434019062.0,89767.28
13-SEP-2023,17458.4,17540.85,17364.35,17526.75,3477324220.0,70614.44
14-SEP-2023,17593.25,17648.55,17546.0,17603.5,2950876440.0,62862.08
15-SEP-2023,17662.8,17691.85,17620.9,17665.8,4139197352.0,95611.93
18-SEP-2023,17666.85,17671.6,17601.55,17613.6,4463915594.0,64993.35
20-SEP-2023,17513.2,17571.15,17419.75,17449.35,3096778358.0,76450.74
21-SEP-2023,17409.1,17422.75,17273.1,17303.5,2882268149.0,61773.7
22-SEP-2023,17314.4,17361.8,17226.05,17260.8,3034799399.0,61583.4
25-SEP-2023,17276.35,17308.2,17198.2,17272.55,2341573329.0,56282.8
26-SEP-2023,17284.9,17312.35,17250.3,17276.75,2387172080.0,52198.94
27-SEP-2023,17270.4,17352.1,17217.45,17341.6,2417639795.0,55324.2
28-SEP-2023,17384.05,17389.2,17147.0,17170.45,2924753144.0,75321.06
29-SEP-2023,17227.55,17357.15,17205.2,17292.6,2128937104.0,57809.05
03-OCT-2023,17294.5,17295.45,17201.7,17254.4,2473841245.0,57777.98
04-OCT-2023,17195.55,17200.7,17032.6,17123.1,2995740057.0,64660.1
05-OCT-2023,17202.25,17234.0,17154.3,17195.8,2478389086.0,53734.03
06-OCT-2023,17263.35,17310.1,17237.1,17293.6,2240980304.0,46813.82
09-OCT-2023,17170.5,17206.85,17096.65,17127.7,2336941281.0,46314.53
10-OCT-2023,17184.55,17319.3,17184.55,17303.35,2004731586.0,50866.17
11-OCT-2023,17380.65,17447.8,17375.5,17407.35,2194629821.0,54182.21
12-OCT-2023,17438.3,17457.85,17402.45,17419.7,2136732775.0,53547.97
13-OCT-2023,17323.05,17436.5,17306.55,17390.35,2275970028.0,57444.82
16-OCT-2023,17390.35,17431.5,17353.15,17393.0,2160915301.0,49614.63
17-OCT-2023,17490.05,17494.5,17437.95,17467.7,2188914301.0,51512.76
18-OCT-2023,17484.35,17492.4,17332.3,17344.0,2315570544.0,55900.45
19-OCT-2023,17251.2,17344.6,17202.25,17310.5,2047683707.0,54341.4
20-OCT-2023,17258.3,17295.05,17190.6,17208.75,2592828899.0,55170.15
23-OCT-2023,17204.75,17224.8,16859.85,16888.7,2543975476.0,57102.79
25-OCT-2023,16912.4,16967.1,16677.15,16760.8,2453601390.0,55777.8
26-OCT-2023,16678.7,16689.1,16466.25,16555.45,2559206652.0,68525.0
27-OCT-2023,16636.05,16793.1,16634.6,16765.45,2144660032.0,54057.6
30-OCT-2023,16784.95,16837.8,16661.95,16826.1,2056332999.0,48625.46
31-OCT-2023,16909.7,16910.0,16785.55,16801.1,1845554791.0,50709.72
01-NOV-2023,16808.5,16834.1,16719.1,16732.95,2394597187.0,49435.49
02-NOV-2023,16849.95,16903.75,16823.0,16890.8,2235609749.0,50387.18
03-NOV-2023,16990.35,17027.45,16983.05,17000.95,2448288516.0,50867.62
06-NOV-2023,17105.35,17168.75,17080.95,17159.4,1888871534.0,50385.92
07-NOV-2023,17170.35,17200.6,17120.75,17187.8,2161933407.0,55190.32
08-NOV-2023,17242.65,17269.25,17215.0,17259.7,2311198748.0,52663.9
09-NOV-2023,17284.95,17288.6,17209.55,17218.9,2149689460.0,54500.8
10-NOV-2023,17189.7,17274.9,17156.85,17256.6,1653303161.0,44434.13
12-NOV-2023,17380.5,17384.15,17347.45,17361.1,423507814.0,9366.9
13-NOV-2023,17335.0,17339.15,17278.65,17318.6,2274393214.0,47214.75
15-NOV-2023,17493.3,17518.9,17448.3,17508.05,2778710915.0,66085.59
16-NOV-2023,17518.1,17668.65,17486.5,17593.1,2235483100.0,60516.21
17-NOV-2023,17537.45,17649.05,17528.85,17600.5,2971840983.0,65177.94
20-NOV-2023,17618.55,17636.4,17556.1,17573.65,2184315347.0,53261.67
21-NOV-2023,17644.5,17665.0,17617.2,17627.6,2017502047.0,53893.62
22-NOV-2023,17637.45,17654.6,17533.75,17627.7,1813906486.0,50322.61
23-NOV-2023,17654.15,17693.25,17627.35,17639.4,1688917123.0,46157.9
24-NOV-2023,17661.3,17684.15,17631.75,17643.5,1805574540.0,50028.66
28-NOV-2023,17701.05,17760.0,17665.65,17741.8,2261317852.0,68349.7
29-NOV-2023,17831.65,17911.35,17823.45,17904.1,2241817064.0,68699.54
30-NOV-2023,17926.9,18007.1,17845.9,17987.95,4614591479.0,141775.52
01-DEC-2023,18061.8,18141.65,18053.15,18115.35,2478995615.0,70682.1
04-DEC-2023,18422.35,18460.0,18315.45,18448.5,2947847326.0,89423.27
05-DEC-2023,18541.3,18594.9,18453.65,18588.55,2852499711.0,99089.02
06-DEC-2023,18677.25,18698.8,18594.4,18680.0,2728852975.0,99042.58
07-DEC-2023,18696.75,18721.8,18619.75,18703.85,3279304093.0,86782.62
08-DEC-2023,18752.25,18785.7,18588.15,18703.5,3554184078.0,86470.2
11-DEC-2023,18726.35,18780.45,18710.15,18770.2,2910989447.0,68536.32
12-DEC-2023,18809.9,18819.7,18635.35,18686.8,3315087208.0,81740.86
13-DEC-2023,18723.7,18770.45,18601.5,18751.45,2980092766.0,79276.42
14-DEC-2023,18906.4,18996.25,18893.75,18973.85,3964129612.0,96792.22
15-DEC-2023,19071.95,19165.1,19020.55,19145.05,4026704862.0,117872.96
18-DEC-2023,19149.15,19201.55,19073.1,19155.55,3411920888.0,79518.43
19-DEC-2023,19212.55,19213.55,19067.2,19169.25,2952375691.0,75654.45
20-DEC-2023,19264.4,19303.6,18727.1,18779.45,3869597352.0,99263.78
21-DEC-2023,18647.85,18965.8,18582.95,18941.8,3061270761.0,79673.35
22-DEC-2023,19011.25,19089.95,18934.75,19054.7,2606959003.0,77390.14
26-DEC-2023,19095.0,19173.8,19059.4,19148.85,2213219034.0,63557.78
27-DEC-2023,19219.4,19312.3,19189.8,19296.95,2085419501.0,68619.25
28-DEC-2023,19358.35,19414.55,19313.1,19399.25,3239142768.0,94768.89
29-DEC-2023,19394.5,19450.1,19338.35,19429.15,4243091822.0,77533.14
01-JAN-2024,19452.0,19543.25,19421.4,19469.5,4273809028.0,60076.1
02-JAN-2024,19496.8,19499.8,19271.65,19418.4,4059853716.0,79033.69
03-JAN-2024,19434.3,19442.2,19343.15,19367.15,3635617196.0,89160.29
04-JAN-2024,19451.8,19560.4,19433.5,19541.25,3245962827.0,86566.76
05-JAN-2024,19602.1,19637.1,19490.95,19590.6,4034291513.0,84305.85
08-JAN-2024,19636.0,19641.85,19400.6,19417.7,3520353326.0,71596.21
09-JAN-2024,19549.5,19596.05,19439.1,19459.55,3705251182.0,78111.54
10-JAN-2024,19463.55,19532.3,19354.1,19517.85,3610340175.0,76940.03
11-JAN-2024,19589.75,19626.5,19532.3,19584.35,3371837116.0,86986.99
12-JAN-2024,19691.25,19775.9,19635.75,19745.6,3100892069.0,82099.63
15-JAN-2024,19876.5,19896.9,19763.8,19885.55,3512187451.0,89288.93
16-JAN-2024,19894.3,19923.3,19736.2,19827.55,4145482638.0,90809.71
17-JAN-2024,19556.4,19707.7,19470.05,19487.6,4149072235.0,113037.2
18-JAN-2024,19388.4,19468.65,19143.5,19414.8,3717795537.0,108160.18
19-JAN-2024,19555.95,19618.95,19537.15,19606.4,3753878164.0,105683.09
20-JAN-2024,19698.05,19718.7,19582.7,19601.9,2821864028.0,62455.26
23-JAN-2024,19743.5,19752.35,19158.75,19206.45,4475897232.0,128235.15
24-JAN-2024,19193.15,19470.65,19080.5,19451.0,4176942034.0,114544.84
25-JAN-2024,19479.65,19480.05,19289.8,19393.0,3856348755.0,103141.17
29-JAN-2024,19475.4,19728.9,19470.05,19711.65,4154042820.0,105121.69
30-JAN-2024,19770.25,19799.25,19558.8,19574.2,3966481815.0,100165.28
31-JAN-2024,19574.15,19813.3,19546.4,19802.1,3599205173.0,110977.19
01-FEB-2024,19869.95,19871.25,19703.75,19777.35,4212849660.0,110020.12
02-FEB-2024,19884.65,20101.15,19874.8,19910.8,4994601659.0,120291.38
05-FEB-2024,19989.65,20044.0,19805.75,19853.5,5177876323.0,118400.66
06-FEB-2024,19923.2,20044.45,19824.85,20033.75,4596296924.0,105088.71
07-FEB-2024,20157.2,20169.9,20011.45,20109.55,5801825929.0,108796.17
08-FEB-2024,20207.55,20209.05,19949.35,19987.55,5597797457.0,119789.95
09-FEB-2024,20015.0,20040.65,19745.45,19961.5,5412695770.0,110374.63
12-FEB-2024,19999.95,20015.0,19634.6,19675.2,4040115250.0,91773.54
13-FEB-2024,19709.8,19796.05,19508.75,19782.9,3926875602.0,91666.37
14-FEB-2024,19618.1,19943.75,19579.2,19922.3,3452437005.0,87507.5
15-FEB-2024,20011.7,20065.75,19952.0,20037.0,3540691571.0,91556.47
16-FEB-2024,20136.85,20191.45,20098.1,20164.9,,
19-FEB-2024,20244.25,20301.0,20174.9,20241.1,2713245919.0,74599.91
20-FEB-2024,20242.65,20285.8,20190.7,20271.9,2683283025.0,74425.12
21-FEB-2024,20329.1,20342.3,20077.8,20128.3,3136444838.0,86306.49
22-FEB-2024,20179.25,20308.9,20004.1,20283.95,3174385969.0,84508.49
23-FEB-2024,20358.7,20365.65,20280.15,20313.5,3983558577.0,78092.47
26-FEB-2024,20299.5,20335.75,20210.35,20255.8,2815086345.0,76613.73
27-FEB-2024,20249.25,20329.1,20234.95,20292.85,2851273258.0,76605.74
28-FEB-2024,20323.5,20335.65,19987.35,20020.4,3851285308.0,74635.61
29-FEB-2024,20009.25,20160.05,19901.3,20090.05,4894873194.0,124271.9
01-MAR-2024,20171.9,20360.2,20171.0,20349.8,2820281398.0,76738.17
02-MAR-2024,20419.55,20446.8,20400.2,20421.35,330593970.0,7178.36
04-MAR-2024,20456.75,20482.6,20383.15,20432.05,2541255009.0,76988.92
05-MAR-2024,20422.3,20440.4,20328.0,20382.0,2710700780.0,80676.39
06-MAR-2024,20368.75,20396.75,20139.35,20379.55,3554791973.0,94014.01
07-MAR-2024,20413.65,20471.35,20384.5,20434.8,2434632338.0,85903.83
11-MAR-2024,20478.75,20483.25,20264.3,20288.75,2281677013.0,82495.73
12-MAR-2024,20299.8,20326.25,20135.3,20171.4,2434739081.0,79139.39
13-MAR-2024,20236.8,20247.9,19549.5,19646.3,4148627793.0,107048.85
14-MAR-2024,19598.4,19933.9,19514.7,19916.35,3824939304.0,96244.45
15-MAR-2024,19867.75,19942.4,19671.15,19825.2,4157462068.0,132264.41
15-MAR-2024,19867.75,19942.4,19671.15,19825.2,4157462068.0,132264.41
18-MAR-2024,19804.3,19894.45,19709.2,19843.1,2242834968.0,66746.76
19-MAR-2024,19785.8,19798.95,19594.1,19610.55,2128705768.0,71161.63
20-MAR-2024,19651.7,19697.45,19465.85,19632.05,2152097367.0,68958.06
21-MAR-2024,19790.85,19916.45,19790.85,19897.4,2205653557.0,76590.32
22-MAR-2024,19855.0,20048.6,19806.7,19994.6,2601583232.0,82714.83
26-MAR-2024,19895.55,20044.5,19895.3,20005.25,2342846315.0,85602.0
27-MAR-2024,20063.0,20174.4,20063.0,20087.8,2821929372.0,103173.45
28-MAR-2024,20150.35,20380.5,20146.15,20255.15,2575769543.0,97361.83
01-APR-2024,20392.25,20504.5,20387.05,20492.55,2475632979.0,72401.41
02-APR-2024,20524.15,20579.25,20481.85,20569.75,2812872047.0,87897.71
03-APR-2024,20528.2,20657.9,20496.55,20605.7,3025872167.0,92609.31
04-APR-2024,20755.35,20772.4,20537.5,20664.65,3312184626.0,98495.58
05-APR-2024,20654.75,20730.15,20609.9,20715.1,2829767180.0,79052.8
08-APR-2024,20806.85,20866.1,20768.5,20819.1,2748152839.0,80224.14
09-APR-2024,20912.75,20912.75,20741.5,20790.7,2279238895.0,76364.21
10-APR-2024,20864.55,20933.85,20822.85,20915.2,2571945247.0,83783.98
12-APR-2024,20873.2,20931.4,20735.15,20745.5,3259737705.0,97394.58
15-APR-2024,20493.3,20623.8,20362.3,20478.75,3195278629.0,90401.72
16-APR-2024,20361.25,20495.2,20326.25,20423.0,3114112312.0,81797.75
18-APR-2024,20515.15,20617.1,20291.15,20324.7,2963633771.0,103634.55
19-APR-2024,20178.25,20428.4,20038.35,20385.2,2718297027.0,86751.24
22-APR-2024,20566.2,20604.1,20468.1,20574.85,3699079354.0,81191.06
23-APR-2024,20687.9,20689.75,20621.55,20652.65,4892633578.0,88793.07
24-APR-2024,20723.2,20772.55,20710.2,20730.65,3698431475.0,87223.7
25-APR-2024,20690.85,20894.0,20686.7,20867.9,10777793802.0,125273.79
26-APR-2024,20926.4,20941.1,20814.5,20839.35,6609930870.0,109448.9
29-APR-2024,20911.1,21002.1,20847.85,20992.2,4106537293.0,96302.96
30-APR-2024,21052.35,21146.5,20971.85,20997.2,3682351577.0,109836.16
02-MAY-2024,21010.45,21126.1,21009.35,21083.6,3285590029.0,108573.37
03-MAY-2024,21193.45,21208.7,20830.65,20959.55,4063049939.0,112184.67
06-MAY-2024,21044.1,21048.95,20805.05,20864.95,3088823169.0,97036.97
07-MAY-2024,20911.35,20914.9,20548.8,20636.05,3745388966.0,95890.22
08-MAY-2024,20586.8,20768.75,20516.25,20704.9,2700523845.0,88523.68
09-MAY-2024,20681.1,20736.25,20318.9,20344.8,2629593512.0,91329.06
10-MAY-2024,20398.0,20482.05,20299.1,20469.1,2251112716.0,79364.4
13-MAY-2024,20471.65,20540.25,20184.1,20511.0,2403861861.0,85965.27
14-MAY-2024,20544.35,20709.75,20508.0,20683.8,2613657232.0,79803.89
15-MAY-2024,20744.5,20811.25,20681.9,20741.85,2168807435.0,81656.93
16-MAY-2024,20846.85,20950.55,20667.8,20929.05,2468004009.0,103907.51
17-MAY-2024,20967.4,21078.65,20934.45,21064.55,2674258575.0,96906.48
18-MAY-2024,21131.45,21156.45,21115.8,21144.45,483020847.0,12574.04
21-MAY-2024,21114.65,21224.7,21068.85,21187.65,3541801901.0,115825.38
22-MAY-2024,21255.2,21261.75,21103.2,21237.75,2968295743.0,105849.26
23-MAY-2024,21280.05,21505.25,21249.15,21489.55,3429637350.0,114341.98
24-MAY-2024,21483.0,21567.45,21444.95,21483.75,5235852004.0,107458.5
27-MAY-2024,21573.8,21613.6,21439.15,21493.0,3597182686.0,106954.74
28-MAY-2024,21542.5,21558.15,21345.35,21387.35,2846079137.0,89454.19
29-MAY-2024,21288.35,21356.15,21243.2,21256.3,2528100147.0,91266.7
30-MAY-2024,21201.8,21262.85,20983.95,21038.55,3528931646.0,97427.6
31-MAY-2024,21129.35,21177.25,21003.0,21103.3,6422818788.0,213728.22
03-JUN-2024,21926.6,21926.6,21629.3,21797.4,5205916071.0,156327.17
04-JUN-2024,21753.35,21753.35,19624.25,20323.85,9292932794.0,248672.5
05-JUN-2024,20570.75,21092.15,20116.6,21054.4,5521353106.0,170873.25
06-JUN-2024,21253.7,21462.8,21193.2,21365.0,3836693455.0,134855.08
07-JUN-2024,21390.2,21781.35,21333.5,21764.15,3728221614.0,120219.92
10-JUN-2024,21844.3,21930.5,21758.3,21808.25,3708562255.0,109053.82
11-JUN-2024,21856.35,21961.45,21782.35,21852.0,4474509649.0,104641.13
12-JUN-2024,21935.2,22023.9,21904.7,21960.95,3547255322.0,98659.3
13-JUN-2024,22120.75,22120.8,21992.15,22074.3,3119002321.0,102258.9
14-JUN-2024,22148.25,22229.4,22054.15,22214.3,3423138435.0,112045.87
18-JUN-2024,22323.55,22338.15,22253.35,22329.6,3239115179.0,116214.66
19-JUN-2024,22406.3,22406.3,22127.25,22224.9,5221059451.0,149474.24
20-JUN-2024,22293.55,22333.6,22182.2,22305.1,3470265929.0,114522.78
21-JUN-2024,22392.6,22393.3,22186.2,22236.2,4820720134.0,162583.96
24-JUN-2024,22150.65,22309.1,22073.65,22289.1,3220275933.0,96231.89
25-JUN-2024,22349.75,22391.75,22287.1,22370.65,2647422434.0,105741.46
26-JUN-2024,22379.5,22464.85,22309.5,22436.8,3830080666.0,114503.7
27-JUN-2024,22459.9,22571.65,22395.9,22537.4,4298989006.0,155149.73
28-JUN-2024,22592.25,22673.65,22537.7,22559.7,4300793170.0,123991.5
01-JUL-2024,22580.4,22739.7,22570.4,22727.6,2754975054.0,97456.03
02-JUL-2024,22806.3,22810.65,22592.2,22677.8,2902278584.0,106526.3
03-JUL-2024,22820.55,22871.65,22764.1,22851.2,3147581494.0,110885.82
04-JUL-2024,22937.6,22962.8,22866.7,22914.2,3070438123.0,114643.47
05-JUL-2024,22878.5,23011.8,22838.2,22987.65,4125904647.0,131122.41
08-JUL-2024,23029.35,23040.75,22897.95,22971.15,3703429691.0,118678.05
09-JUL-2024,23035.05,23082.35,22974.95,23067.35,3256181171.0,112640.57
10-JUL-2024,23124.15,23125.3,22685.65,22977.65,3295884251.0,121820.31
11-JUL-2024,23059.95,23063.1,22904.3,23005.25,3376625661.0,110931.44
12-JUL-2024,23086.25,23189.4,23021.4,23095.45,3536966325.0,126058.83
15-JUL-2024,23188.8,23234.3,23081.3,23209.85,3431429146.0,106499.98
16-JUL-2024,23258.2,23288.05,23181.35,23204.25,3433520204.0,102333.73
18-JUL-2024,23167.65,23233.85,22993.55,23210.05,3562225671.0,126185.06
19-JUL-2024,23232.5,23232.5,22833.0,22853.6,3021861091.0,113580.33
22-JUL-2024,22761.5,23001.05,22667.75,22942.65,2960904216.0,103721.69
23-JUL-2024,23022.8,23031.95,22307.2,22865.2,4563155207.0,143700.82
24-JUL-2024,22856.85,22965.45,22816.75,22921.45,3151242673.0,114587.79
25-JUL-2024,22753.2,22938.65,22732.2,22917.25,3443944857.0,107011.78
26-JUL-2024,22970.4,23306.75,22965.5,23292.05,3452517187.0,114650.17
29-JUL-2024,23423.15,23496.4,23326.05,23394.2,3610725502.0,124532.15
30-JUL-2024,23421.2,23530.0,23381.35,23440.9,2998713350.0,114773.88
31-JUL-2024,23495.85,23556.0,23459.6,23530.8,3214906956.0,115546.38
01-AUG-2024,23608.85,23637.75,23429.55,23506.6,2921486076.0,114938.16
02-AUG-2024,23296.1,23395.1,23225.65,23259.45,3092360383.0,109545.58
05-AUG-2024,22772.55,22868.35,22397.7,22542.45,4019339380.0,132508.88
06-AUG-2024,22696.95,22910.75,22406.05,22443.3,2700060868.0,101902.9
07-AUG-2024,22773.45,22870.85,22650.8,22848.9,2459162870.0,98150.12
08-AUG-2024,22842.0,22905.6,22676.0,22705.7,2438259599.0,93748.32
09-AUG-2024,22948.15,22982.45,22869.4,22923.5,2111890945.0,85627.96
12-AUG-2024,22862.9,22993.25,22753.75,22915.85,2532426776.0,101038.89
13-AUG-2024,22952.7,22962.75,22684.45,22705.8,2758250421.0,90869.5
14-AUG-2024,22765.65,22778.95,22599.95,22672.65,2357617612.0,89103.13
16-AUG-2024,22846.1,23071.75,22750.3,23056.5,2045485207.0,87751.98
19-AUG-2024,23174.2,23195.6,23104.1,23139.75,2133712110.0,83551.83
20-AUG-2024,23223.6,23292.7,23175.4,23280.35,2172698945.0,91984.43
21-AUG-2024,23283.75,23383.2,23256.25,23368.65,2234069180.0,93309.89
22-AUG-2024,23467.15,23474.85,23408.95,23440.7,2186317143.0,86131.17
23-AUG-2024,23485.3,23496.85,23401.0,23418.65,2341184147.0,88272.3
26-AUG-2024,23514.3,23579.75,23466.75,23561.75,1999428422.0,84409.69
27-AUG-2024,23592.0,23633.2,23555.55,23604.85,2213030254.0,92519.08
28-AUG-2024,23646.8,23679.35,23547.25,23615.95,2448862548.0,94965.44
29-AUG-2024,23618.25,23664.35,23494.45,23631.4,2980429915.0,111782.88
30-AUG-2024,23728.55,23766.4,23673.95,23734.55,7015024989.0,201988.8
02-SEP-2024,23835.2,23835.2,23693.65,23760.7,2522873739.0,90696.23
03-SEP-2024,23817.0,23817.55,23771.2,23788.45,1814621556.0,88512.76
04-SEP-2024,23611.8,23761.4,23605.35,23748.9,2062019952.0,91617.99
05-SEP-2024,23821.0,23836.35,23749.05,23762.8,2318080383.0,94673.92
06-SEP-2024,23746.0,23794.35,23434.9,23477.7,3870422486.0,99765.62
09-SEP-2024,23452.85,23526.55,23294.45,23502.15,2364876855.0,80491.4
10-SEP-2024,23591.85,23712.95,23531.65,23643.65,2226529458.0,84208.02
11-SEP-2024,23665.1,23723.05,23498.15,23531.25,2309011533.0,86084.68
12-SEP-2024,23680.0,23934.6,23593.6,23907.35,2374006513.0,102775.67
13-SEP-2024,23966.5,23966.55,23885.2,23928.2,2057818279.0,88109.1
16-SEP-2024,24006.15,24026.0,23917.5,23968.2,1720978022.0,75190.68
17-SEP-2024,24008.25,24008.25,23912.55,23969.9,1618088090.0,79337.24
18-SEP-2024,23972.55,24000.3,23800.85,23898.65,1856462658.0,88608.17
19-SEP-2024,24012.3,24078.0,23702.0,23853.95,4513809169.0,108259.7
20-SEP-2024,23956.55,24243.15,23885.0,24193.8,4237233135.0,162861.62
23-SEP-2024,24294.8,24393.7,24262.3,24379.2,3569097464.0,90361.54
24-SEP-2024,24390.05,24429.0,24353.75,24389.7,2602542342.0,100743.32
25-SEP-2024,24377.25,24394.35,24268.5,24371.25,2928160510.0,89318.49
26-SEP-2024,24399.15,24512.65,24338.4,24496.9,3099807700.0,105347.02
27-SEP-2024,24529.55,24573.4,24469.0,24489.55,4199366008.0,151284.67
30-SEP-2024,24410.0,24456.1,24217.4,24245.2,2690608118.0,96995.96
01-OCT-2024,24248.5,24329.45,24191.05,24271.3,2211681794.0,86328.1
03-OCT-2024,23931.85,24122.0,23713.0,23755.45,2732058322.0,114404.32
04-OCT-2024,23704.95,23920.3,23483.4,23534.95,2622309213.0,106632.93
07-OCT-2024,23616.35,23659.65,23089.5,23181.95,3037545470.0,105984.35
08-OCT-2024,23175.2,23544.8,23106.5,23512.55,2563108857.0,95599.39
09-OCT-2024,23600.1,23797.45,23570.7,23599.6,2589085946.0,91189.16
10-OCT-2024,23695.55,23755.5,23580.6,23598.15,1943103410.0,79363.58
11-OCT-2024,23608.3,23654.0,23546.3,23611.25,1712190043.0,68578.58
14-OCT-2024,23670.5,23740.2,23646.1,23727.05,1676332100.0,74760.69
15-OCT-2024,23800.4,23814.95,23662.3,23735.7,1778922793.0,88090.24
16-OCT-2024,23702.85,23768.15,23588.8,23673.15,1737703457.0,86884.17
17-OCT-2024,23717.3,23720.15,23366.0,23377.0,1780702201.0,85083.66
18-OCT-2024,23285.65,23471.2,23120.95,23440.7,1947586692.0,89960.3
21-OCT-2024,23527.6,23559.05,23224.55,23263.25,2016616287.0,88345.63
22-OCT-2024,23277.1,23306.2,22789.7,22814.45,2416812435.0,92104.35
23-OCT-2024,22751.8,22989.05,22673.3,22841.1,2606193932.0,101645.37
24-OCT-2024,22841.85,22893.2,22747.55,22787.85,1953145108.0,85393.51
25-OCT-2024,22819.8,22839.2,22362.8,22499.05,2616776174.0,99887.62
28-OCT-2024,22548.7,22756.05,22407.0,22649.95,2909277907.0,85887.5
29-OCT-2024,22670.8,22808.8,22450.0,22795.05,2319438664.0,88450.81
30-OCT-2024,22731.15,22896.55,22685.4,22749.8,2785443346.0,86789.95
31-OCT-2024,22758.6,22779.5,22621.1,22689.35,2436293245.0,84164.71
01-NOV-2024,22806.95,22881.5,22799.7,22823.55,604294357.0,12277.86
04-NOV-2024,22831.8,22832.65,22362.65,22518.3,2259440861.0,77527.65
05-NOV-2024,22458.3,22697.5,22343.95,22679.85,2143415568.0,79524.43
06-NOV-2024,22782.2,23052.2,22720.3,23031.2,2157801128.0,93211.09
07-NOV-2024,23067.15,23073.55,22793.9,22806.25,2035081331.0,81688.72
08-NOV-2024,22821.9,22857.1,22600.25,22645.65,1920361687.0,78851.05
11-NOV-2024,22590.1,22770.55,22478.7,22591.4,2005949849.0,75358.51
12-NOV-2024,22664.2,22721.9,22286.85,22331.05,1712810126.0,74130.26
13-NOV-2024,22263.0,22309.8,21867.7,21914.95,2325673237.0,80157.71
14-NOV-2024,21924.1,22096.85,21907.55,21963.1,1908216519.0,69309.12
18-NOV-2024,22045.9,22049.15,21787.35,21899.4,2056423917.0,72346.34
19-NOV-2024,21977.65,22233.4,21948.45,22004.35,1903367229.0,75183.79
21-NOV-2024,21947.75,21954.2,21692.8,21820.85,2635349322.0,96793.16
22-NOV-2024,21864.65,22260.15,21819.2,22225.55,2304966991.0,89091.23
25-NOV-2024,22578.65,22676.25,22510.8,22553.5,3706202446.0,182791.37
26-NOV-2024,22649.3,22675.7,22523.0,22562.45,3250965273.0,72749.91
27-NOV-2024,22594.2,22732.1,22526.1,22691.7,2776573123.0,84909.22
28-NOV-2024,22722.3,22821.75,22472.25,22514.35,3030092426.0,97443.69
29-NOV-2024,22537.8,22733.75,22531.9,22687.0,2465622501.0,90461.85
02-DEC-2024,22695.4,22843.5,22603.1,22835.85,1825538366.0,75564.34
03-DEC-2024,22922.6,23029.55,22876.8,23020.85,2165915852.0,92787.24
04-DEC-2024,23075.95,23149.9,22978.85,23099.5,2697699131.0,96896.28
05-DEC-2024,23183.3,23357.1,22993.85,23277.95,2790264387.0,106834.18
06-DEC-2024,23315.8,23358.2,23221.7,23312.1,2469668946.0,86937.83
09-DEC-2024,23289.4,23351.9,23243.3,23292.0,2282186938.0,86346.5
10-DEC-2024,23328.8,23341.35,23216.25,23314.9,2173155909.0,84799.34
11-DEC-2024,23326.7,23394.2,23301.15,23358.15,1761306475.0,75065.0
12-DEC-2024,23348.7,23386.25,23242.75,23256.4,1963209989.0,84700.88
13-DEC-2024,23208.35,23378.55,22879.9,23358.95,2151843025.0,80301.36
16-DEC-2024,23370.55,23417.65,23281.2,23352.45,1488975457.0,64440.04
17-DEC-2024,23308.9,23349.1,23067.3,23095.75,1921176266.0,79699.24
18-DEC-2024,23076.95,23125.55,22876.7,22934.4,1780752519.0,70983.5
19-DEC-2024,22594.95,22782.25,22590.0,22752.15,1720143973.0,74519.64
20-DEC-2024,22783.65,22855.0,22279.9,22319.4,2584107814.0,114178.99
23-DEC-2024,22446.6,22535.2,22331.5,22412.3,1584015483.0,63815.84
24-DEC-2024,22431.6,22516.3,22340.1,22402.7,1350037710.0,56774.11
26-DEC-2024,22444.7,22492.3,22324.6,22430.35,1419955128.0,57601.32
27-DEC-2024,22473.9,22555.45,22435.55,22445.2,1166539839.0,51659.64
30-DEC-2024,22438.15,22522.4,22266.15,22357.15,3003129328.0,116256.51
31-DEC-2024,22273.7,22414.45,22160.15,22375.4,2070388244.0,65766.62
01-JAN-2025,22375.85,22518.7,22313.75,22481.8,1465981308.0,50616.41
02-JAN-2025,22521.75,22833.35,22482.7,22819.75,1852520138.0,78675.96
03-JAN-2025,22850.1,22867.85,22681.3,22708.15,2201040539.0,84133.21
06-JAN-2025,22753.65,22757.4,22163.55,22225.4,2496146978.0,82019.96
07-JAN-2025,22278.15,22435.5,22247.75,22341.65,1929425895.0,72154.98
08-JAN-2025,22378.15,22384.25,22065.2,22231.8,1902319266.0,76539.77
09-JAN-2025,22231.05,22239.2,22028.5,22046.55,1693951738.0,73913.6
10-JAN-2025,22049.4,22075.4,21738.45,21799.0,1974619405.0,76750.74
13-JAN-2025,21557.0,21630.55,21194.45,21243.45,2611797029.0,85830.68
14-JAN-2025,21328.0,21528.7,21325.0,21481.05,2545307871.0,87165.76
15-JAN-2025,21572.45,21634.6,21445.4,21551.2,3094230055.0,76898.66
16-JAN-2025,21734.4,21776.35,21687.45,21714.55,2235654527.0,80228.57
17-JAN-2025,21699.45,21730.85,21563.8,21680.25,2014077348.0,71767.08
20-JAN-2025,21769.95,21848.95,21628.5,21809.0,3505128648.0,75435.38
21-JAN-2025,21855.1,21863.05,21411.3,21433.2,2331964835.0,84227.35
22-JAN-2025,21484.45,21500.3,21178.8,21396.55,2088412411.0,80124.79
23-JAN-2025,21377.8,21595.0,21338.95,21538.05,1837372936.0,78714.56
24-JAN-2025,21533.05,21611.2,21279.0,21318.9,1753481328.0,74877.37
27-JAN-2025,21158.85,21163.0,20861.15,20910.95,2304552604.0,77938.55
28-JAN-2025,21009.2,21100.45,20757.9,20924.75,2493193415.0,95131.14
29-JAN-2025,20971.4,21259.85,20968.35,21245.5,1881173467.0,74954.43
30-JAN-2025,21282.1,21404.2,21209.6,21297.5,2020386854.0,89384.33
31-JAN-2025,21339.35,21613.0,21310.3,21580.9,2274932839.0,86911.63
01-FEB-2025,21628.65,21713.95,21388.2,21581.75,3025726587.0,87389.5
03-FEB-2025,21422.85,21445.95,21286.7,21402.55,2272797887.0,89782.58
04-FEB-2025,21551.4,21743.55,21474.45,21727.45,2154156748.0,88167.59
05-FEB-2025,21797.7,21870.4,21763.7,21784.25,1968683978.0,78947.28
06-FEB-2025,21860.1,21870.9,21620.15,21672.45,1573108608.0,72471.74
07-FEB-2025,21703.75,21765.15,21521.75,21646.15,2114472595.0,73141.91
10-FEB-2025,21636.2,21659.25,21301.85,21371.3,1464612272.0,59920.47
11-FEB-2025,21366.25,21376.45,20860.6,20950.45,1784115065.0,71517.0
12-FEB-2025,20924.15,21002.0,20545.75,20907.85,2543733164.0,84680.33
13-FEB-2025,20926.0,21122.0,20866.5,20904.35,2130089939.0,69663.41
14-FEB-2025,20964.6,20984.7,20476.65,20633.1,2047866992.0,69173.56
17-FEB-2025,20511.05,20667.55,20339.0,20652.35,2003247833.0,65931.88
18-FEB-2025,20663.6,20692.3,20466.75,20611.4,1724647046.0,62888.02
19-FEB-2025,20511.2,20802.55,20459.2,20731.45,1791180337.0,68291.9
20-FEB-2025,20645.7,20840.35,20630.2,20831.1,1645754047.0,66824.88
21-FEB-2025,20792.05,20903.35,20616.6,20690.25,1838864109.0,71708.79
24-FEB-2025,20510.95,20546.05,20429.3,20468.45,1442187583.0,59805.02
25-FEB-2025,20445.55,20548.9,20388.75,20418.75,1445662333.0,64006.81
27-FEB-2025,20436.5,20471.85,20278.65,20315.55,1918601840.0,82932.55
28-FEB-2025,20185.4,20197.85,19816.0,19880.9,3027888284.0,131599.53
03-MAR-2025,19935.55,19997.05,19658.3,19896.95,2364683403.0,80282.83
04-MAR-2025,19736.05,19957.5,19681.65,19917.85,2094841653.0,74049.56
05-MAR-2025,19901.6,20265.05,19901.6,20256.5,2158777579.0,81585.47
06-MAR-2025,20411.45,20467.15,20262.75,20447.1,2074511409.0,80518.0
07-MAR-2025,20428.15,20549.2,20377.6,20443.4,2018573615.0,68521.49
10-MAR-2025,20434.95,20543.7,20230.65,20266.5,1995683586.0,65725.28
11-MAR-2025,20122.55,20333.75,20073.4,20302.5,2006924829.0,73938.55
12-MAR-2025,20351.9,20397.95,20108.7,20264.35,2152382085.0,74566.3
13-MAR-2025,20337.85,20357.3,20157.5,20176.05,1790961966.0,61473.18
